SMILES,RA_score,SA_score
Clc1c(N2CCC3(CC2)OCCc2ccccc23)ncnc1N1CCC2(CC1)OCCc1ccccc12,0.99999624,3.8371715490567126
CCOC(=O)c1sc(-c2cc([N+](=O)[O-])ccc2Nc2ncnc(N3CCC4(CC3)OCCc3ccccc34)c2Cl)nc1C,0.99938494,3.628819728876863
COC(=O)CC(Nc1ncnc(N2CCC3(CC2)OCCc2ccccc23)c1Cl)c1ccc(F)cc1,0.29455027,3.7738401743789423
O=c1oc2ccccc2c(Nc2ncnc(N3CCC4(CC3)OCCc3ccccc34)c2Cl)c1[N+](=O)[O-],0.9999133,3.5326862125196454
COCCN(c1ncnc(N2CCC3(CC2)OCCc2ccccc23)c1Cl)C(C)C,0.9993455,3.437735064301556
CCCCN(c1ncnc(N2CCC3(CC2)OCCc2ccccc23)c1Cl)C(C)CC,0.9962416,3.8791458004972963
CS(=O)(=O)CCNc1ncnc(N2CCC3(CC2)OCCc2ccccc23)c1Cl,0.30639577,3.361510161115284
CN(Cc1c(F)cccc1Cl)c1ncnc(N2CCC3(CC2)OCCc2ccccc23)c1Cl,0.9999997,3.3920966669247656
CCCN(Cc1cccc(Br)c1)c1ncnc(N2CCC3(CC2)OCCc2ccccc23)c1Cl,0.9999994,3.378752694810906
Fc1ccc(CN(c2ncnc(N3CCC4(CC3)OCCc3ccccc34)c2Cl)C2CCCCC2)cc1,0.99967355,3.3767487099638966
CCOC(=O)c1sc(-c2cc([N+](=O)[O-])ccc2Nc2ncnc(N3CCC4(CC3)OCCc3ccccc34)c2Cl)nc1C,0.99938494,3.628819728876863
CCOC(=O)c1sc(-c2cc([N+](=O)[O-])ccc2Nc2ncnc(Nc3ccc([N+](=O)[O-])cc3-c3nc(C)c(C(=O)OCC)s3)c2Cl)nc1C,0.98941267,3.2754044563970233
CCOC(=O)c1sc(-c2cc([N+](=O)[O-])ccc2Nc2ncnc(NC(CC(=O)OC)c3ccc(F)cc3)c2Cl)nc1C,0.22326276,3.395483321108898
CCOC(=O)c1sc(-c2cc([N+](=O)[O-])ccc2Nc2ncnc(Nc3c([N+](=O)[O-])c(=O)oc4ccccc34)c2Cl)nc1C,0.99801654,3.1437992376948394
CCOC(=O)c1sc(-c2cc([N+](=O)[O-])ccc2Nc2ncnc(N(CCOC)C(C)C)c2Cl)nc1C,0.9998027,2.984053612959805
CCCCN(c1ncnc(Nc2ccc([N+](=O)[O-])cc2-c2nc(C)c(C(=O)OCC)s2)c1Cl)C(C)CC,0.99995744,3.434175128661227
CCOC(=O)c1sc(-c2cc([N+](=O)[O-])ccc2Nc2ncnc(NCCS(C)(=O)=O)c2Cl)nc1C,0.19341886,2.9099794474047105
CCOC(=O)c1sc(-c2cc([N+](=O)[O-])ccc2Nc2ncnc(N(C)Cc3c(F)cccc3Cl)c2Cl)nc1C,0.99999934,2.9776576221592084
CCCN(Cc1cccc(Br)c1)c1ncnc(Nc2ccc([N+](=O)[O-])cc2-c2nc(C)c(C(=O)OCC)s2)c1Cl,0.99999917,2.977482151465603
CCOC(=O)c1sc(-c2cc([N+](=O)[O-])ccc2Nc2ncnc(N(Cc3ccc(F)cc3)C3CCCCC3)c2Cl)nc1C,0.99989176,3.003831249044148
COC(=O)CC(Nc1ncnc(N2CCC3(CC2)OCCc2ccccc23)c1Cl)c1ccc(F)cc1,0.29455027,3.7738401743789423
CCOC(=O)c1sc(-c2cc([N+](=O)[O-])ccc2Nc2ncnc(NC(CC(=O)OC)c3ccc(F)cc3)c2Cl)nc1C,0.22326276,3.395483321108898
COC(=O)CC(Nc1ncnc(NC(CC(=O)OC)c2ccc(F)cc2)c1Cl)c1ccc(F)cc1,0.3214945,3.327382581883114
COC(=O)CC(Nc1ncnc(Nc2c([N+](=O)[O-])c(=O)oc3ccccc23)c1Cl)c1ccc(F)cc1,0.6426101,3.274720195614954
COCCN(c1ncnc(NC(CC(=O)OC)c2ccc(F)cc2)c1Cl)C(C)C,0.49533656,3.126242800132892
CCCCN(c1ncnc(NC(CC(=O)OC)c2ccc(F)cc2)c1Cl)C(C)CC,0.8877299,3.404119773749475
COC(=O)CC(Nc1ncnc(NCCS(C)(=O)=O)c1Cl)c1ccc(F)cc1,0.005904905,3.0411855406569472
COC(=O)CC(Nc1ncnc(N(C)Cc2c(F)cccc2Cl)c1Cl)c1ccc(F)cc1,0.9997101,3.098943292139843
CCCN(Cc1cccc(Br)c1)c1ncnc(NC(CC(=O)OC)c2ccc(F)cc2)c1Cl,0.9996516,3.093747093984973
COC(=O)CC(Nc1ncnc(N(Cc2ccc(F)cc2)C2CCCCC2)c1Cl)c1ccc(F)cc1,0.9856223,3.1100355351250064
O=c1oc2ccccc2c(Nc2ncnc(N3CCC4(CC3)OCCc3ccccc34)c2Cl)c1[N+](=O)[O-],0.9999133,3.5326862125196454
CCOC(=O)c1sc(-c2cc([N+](=O)[O-])ccc2Nc2ncnc(Nc3c([N+](=O)[O-])c(=O)oc4ccccc34)c2Cl)nc1C,0.99801654,3.1437992376948394
COC(=O)CC(Nc1ncnc(Nc2c([N+](=O)[O-])c(=O)oc3ccccc23)c1Cl)c1ccc(F)cc1,0.6426101,3.274720195614954
O=c1oc2ccccc2c(Nc2ncnc(Nc3c([N+](=O)[O-])c(=O)oc4ccccc34)c2Cl)c1[N+](=O)[O-],0.9999969,3.0400793410694007
COCCN(c1ncnc(Nc2c([N+](=O)[O-])c(=O)oc3ccccc23)c1Cl)C(C)C,0.9999624,2.925480520226605
CCCCN(c1ncnc(Nc2c([N+](=O)[O-])c(=O)oc3ccccc23)c1Cl)C(C)CC,0.9999902,3.3700006922319528
CS(=O)(=O)CCNc1ncnc(Nc2c([N+](=O)[O-])c(=O)oc3ccccc23)c1Cl,0.9532645,2.849179536905842
CN(Cc1c(F)cccc1Cl)c1ncnc(Nc2c([N+](=O)[O-])c(=O)oc3ccccc23)c1Cl,0.9999994,2.884645226000126
CCCN(Cc1cccc(Br)c1)c1ncnc(Nc2c([N+](=O)[O-])c(=O)oc3ccccc23)c1Cl,0.9999987,2.8736743616537854
O=c1oc2ccccc2c(Nc2ncnc(N(Cc3ccc(F)cc3)C3CCCCC3)c2Cl)c1[N+](=O)[O-],0.9994287,2.87722553678225
COCCN(c1ncnc(N2CCC3(CC2)OCCc2ccccc23)c1Cl)C(C)C,0.9993455,3.437735064301556
CCOC(=O)c1sc(-c2cc([N+](=O)[O-])ccc2Nc2ncnc(N(CCOC)C(C)C)c2Cl)nc1C,0.9998027,2.984053612959805
COCCN(c1ncnc(NC(CC(=O)OC)c2ccc(F)cc2)c1Cl)C(C)C,0.49533656,3.126242800132892
COCCN(c1ncnc(Nc2c([N+](=O)[O-])c(=O)oc3ccccc23)c1Cl)C(C)C,0.9999624,2.925480520226605
COCCN(c1ncnc(N(CCOC)C(C)C)c1Cl)C(C)C,0.99999523,2.927518929301378
CCCCN(c1ncnc(N(CCOC)C(C)C)c1Cl)C(C)CC,0.99555725,3.359410431122395
COCCN(c1ncnc(NCCS(C)(=O)=O)c1Cl)C(C)C,0.7463168,2.8130036700941883
COCCN(c1ncnc(N(C)Cc2c(F)cccc2Cl)c1Cl)C(C)C,0.9999982,2.8148600420097054
CCCN(Cc1cccc(Br)c1)c1ncnc(N(CCOC)C(C)C)c1Cl,0.99999225,2.782596115684175
COCCN(c1ncnc(N(Cc2ccc(F)cc2)C2CCCCC2)c1Cl)C(C)C,0.9998055,2.743929417353577
CCCCN(c1ncnc(N2CCC3(CC2)OCCc2ccccc23)c1Cl)C(C)CC,0.9962416,3.8791458004972963
CCCCN(c1ncnc(Nc2ccc([N+](=O)[O-])cc2-c2nc(C)c(C(=O)OCC)s2)c1Cl)C(C)CC,0.99995744,3.434175128661227
CCCCN(c1ncnc(NC(CC(=O)OC)c2ccc(F)cc2)c1Cl)C(C)CC,0.8877299,3.404119773749475
CCCCN(c1ncnc(Nc2c([N+](=O)[O-])c(=O)oc3ccccc23)c1Cl)C(C)CC,0.9999902,3.3700006922319528
CCCCN(c1ncnc(N(CCOC)C(C)C)c1Cl)C(C)CC,0.99555725,3.359410431122395
CCCCN(c1ncnc(N(CCCC)C(C)CC)c1Cl)C(C)CC,0.94515127,3.6198381318518322
CCCCN(c1ncnc(NCCS(C)(=O)=O)c1Cl)C(C)CC,0.32195404,3.2480609580371143
CCCCN(c1ncnc(N(C)Cc2c(F)cccc2Cl)c1Cl)C(C)CC,0.9999994,3.257438804067151
CCCCN(c1ncnc(N(CCC)Cc2cccc(Br)c2)c1Cl)C(C)CC,0.9999983,3.228040793096814
CCCCN(c1ncnc(N(Cc2ccc(F)cc2)C2CCCCC2)c1Cl)C(C)CC,0.99940556,3.194711494801478
CS(=O)(=O)CCNc1ncnc(N2CCC3(CC2)OCCc2ccccc23)c1Cl,0.30639577,3.361510161115284
CCOC(=O)c1sc(-c2cc([N+](=O)[O-])ccc2Nc2ncnc(NCCS(C)(=O)=O)c2Cl)nc1C,0.19341886,2.9099794474047105
COC(=O)CC(Nc1ncnc(NCCS(C)(=O)=O)c1Cl)c1ccc(F)cc1,0.005904905,3.0411855406569472
CS(=O)(=O)CCNc1ncnc(Nc2c([N+](=O)[O-])c(=O)oc3ccccc23)c1Cl,0.9532645,2.849179536905842
COCCN(c1ncnc(NCCS(C)(=O)=O)c1Cl)C(C)C,0.7463168,2.8130036700941883
CCCCN(c1ncnc(NCCS(C)(=O)=O)c1Cl)C(C)CC,0.32195404,3.2480609580371143
CS(=O)(=O)CCNc1ncnc(NCCS(C)(=O)=O)c1Cl,0.064036086,2.72610818087173
CN(Cc1c(F)cccc1Cl)c1ncnc(NCCS(C)(=O)=O)c1Cl,0.7331829,2.7019553085748313
CCCN(Cc1cccc(Br)c1)c1ncnc(NCCS(C)(=O)=O)c1Cl,0.9886614,2.6714544894636614
CS(=O)(=O)CCNc1ncnc(N(Cc2ccc(F)cc2)C2CCCCC2)c1Cl,0.70871526,2.637181244222914
CN(Cc1c(F)cccc1Cl)c1ncnc(N2CCC3(CC2)OCCc2ccccc23)c1Cl,0.9999997,3.3920966669247656
CCOC(=O)c1sc(-c2cc([N+](=O)[O-])ccc2Nc2ncnc(N(C)Cc3c(F)cccc3Cl)c2Cl)nc1C,0.99999934,2.9776576221592084
COC(=O)CC(Nc1ncnc(N(C)Cc2c(F)cccc2Cl)c1Cl)c1ccc(F)cc1,0.9997101,3.098943292139843
CN(Cc1c(F)cccc1Cl)c1ncnc(Nc2c([N+](=O)[O-])c(=O)oc3ccccc23)c1Cl,0.9999994,2.884645226000126
COCCN(c1ncnc(N(C)Cc2c(F)cccc2Cl)c1Cl)C(C)C,0.9999982,2.8148600420097054
CCCCN(c1ncnc(N(C)Cc2c(F)cccc2Cl)c1Cl)C(C)CC,0.9999994,3.257438804067151
CN(Cc1c(F)cccc1Cl)c1ncnc(NCCS(C)(=O)=O)c1Cl,0.7331829,2.7019553085748313
CN(Cc1c(F)cccc1Cl)c1ncnc(N(C)Cc2c(F)cccc2Cl)c1Cl,1.0,2.749816075367379
CCCN(Cc1cccc(Br)c1)c1ncnc(N(C)Cc2c(F)cccc2Cl)c1Cl,1.0,2.732380076694234
CN(Cc1c(F)cccc1Cl)c1ncnc(N(Cc2ccc(F)cc2)C2CCCCC2)c1Cl,0.99999934,2.723332698425944
CCCN(Cc1cccc(Br)c1)c1ncnc(N2CCC3(CC2)OCCc2ccccc23)c1Cl,0.9999994,3.378752694810906
CCCN(Cc1cccc(Br)c1)c1ncnc(Nc2ccc([N+](=O)[O-])cc2-c2nc(C)c(C(=O)OCC)s2)c1Cl,0.99999917,2.977482151465603
CCCN(Cc1cccc(Br)c1)c1ncnc(NC(CC(=O)OC)c2ccc(F)cc2)c1Cl,0.9996516,3.093747093984973
CCCN(Cc1cccc(Br)c1)c1ncnc(Nc2c([N+](=O)[O-])c(=O)oc3ccccc23)c1Cl,0.9999987,2.8736743616537854
CCCN(Cc1cccc(Br)c1)c1ncnc(N(CCOC)C(C)C)c1Cl,0.99999225,2.782596115684175
CCCCN(c1ncnc(N(CCC)Cc2cccc(Br)c2)c1Cl)C(C)CC,0.9999983,3.228040793096814
CCCN(Cc1cccc(Br)c1)c1ncnc(NCCS(C)(=O)=O)c1Cl,0.9886614,2.6714544894636614
CCCN(Cc1cccc(Br)c1)c1ncnc(N(C)Cc2c(F)cccc2Cl)c1Cl,1.0,2.732380076694234
CCCN(Cc1cccc(Br)c1)c1ncnc(N(CCC)Cc2cccc(Br)c2)c1Cl,1.0,2.7195533539520476
CCCN(Cc1cccc(Br)c1)c1ncnc(N(Cc2ccc(F)cc2)C2CCCCC2)c1Cl,0.9999997,2.719814216441856
Fc1ccc(CN(c2ncnc(N3CCC4(CC3)OCCc3ccccc34)c2Cl)C2CCCCC2)cc1,0.99967355,3.3767487099638966
CCOC(=O)c1sc(-c2cc([N+](=O)[O-])ccc2Nc2ncnc(N(Cc3ccc(F)cc3)C3CCCCC3)c2Cl)nc1C,0.99989176,3.003831249044148
COC(=O)CC(Nc1ncnc(N(Cc2ccc(F)cc2)C2CCCCC2)c1Cl)c1ccc(F)cc1,0.9856223,3.1100355351250064
O=c1oc2ccccc2c(Nc2ncnc(N(Cc3ccc(F)cc3)C3CCCCC3)c2Cl)c1[N+](=O)[O-],0.9994287,2.87722553678225
COCCN(c1ncnc(N(Cc2ccc(F)cc2)C2CCCCC2)c1Cl)C(C)C,0.9998055,2.743929417353577
CCCCN(c1ncnc(N(Cc2ccc(F)cc2)C2CCCCC2)c1Cl)C(C)CC,0.99940556,3.194711494801478
CS(=O)(=O)CCNc1ncnc(N(Cc2ccc(F)cc2)C2CCCCC2)c1Cl,0.70871526,2.637181244222914
CN(Cc1c(F)cccc1Cl)c1ncnc(N(Cc2ccc(F)cc2)C2CCCCC2)c1Cl,0.99999934,2.723332698425944
CCCN(Cc1cccc(Br)c1)c1ncnc(N(Cc2ccc(F)cc2)C2CCCCC2)c1Cl,0.9999997,2.719814216441856
Fc1ccc(CN(c2ncnc(N(Cc3ccc(F)cc3)C3CCCCC3)c2Cl)C2CCCCC2)cc1,0.9999903,2.73932258564534
c1ccc2c(c1)CCOC21CCN(c2cc(N3CCC4(CC3)OCCc3ccccc34)nc(C3CC3)n2)CC1,0.67543775,3.8489375822750285
CCOC(=O)c1sc(-c2cc([N+](=O)[O-])ccc2Nc2cc(N3CCC4(CC3)OCCc3ccccc34)nc(C3CC3)n2)nc1C,0.94892883,3.6644647338454357
COC(=O)CC(Nc1cc(N2CCC3(CC2)OCCc2ccccc23)nc(C2CC2)n1)c1ccc(F)cc1,0.84215593,3.812351199634632
O=c1oc2ccccc2c(Nc2cc(N3CCC4(CC3)OCCc3ccccc34)nc(C3CC3)n2)c1[N+](=O)[O-],0.99427915,3.554165492261685
COCCN(c1cc(N2CCC3(CC2)OCCc2ccccc23)nc(C2CC2)n1)C(C)C,0.94670904,3.4772984253554293
CCCCN(c1cc(N2CCC3(CC2)OCCc2ccccc23)nc(C2CC2)n1)C(C)CC,0.3599339,3.9222666204352175
CS(=O)(=O)CCNc1cc(N2CCC3(CC2)OCCc2ccccc23)nc(C2CC2)n1,0.6701031,3.3666907848934073
CN(Cc1c(F)cccc1Cl)c1cc(N2CCC3(CC2)OCCc2ccccc23)nc(C2CC2)n1,0.99975973,3.4280811093370183
CCCN(Cc1cccc(Br)c1)c1cc(N2CCC3(CC2)OCCc2ccccc23)nc(C2CC2)n1,0.9999226,3.418039521042001
Fc1ccc(CN(c2cc(N3CCC4(CC3)OCCc3ccccc34)nc(C3CC3)n2)C2CCCCC2)cc1,0.9981488,3.432410960637096
CCOC(=O)c1sc(-c2cc([N+](=O)[O-])ccc2Nc2cc(N3CCC4(CC3)OCCc3ccccc34)nc(C3CC3)n2)nc1C,0.94892883,3.6644647338454357
CCOC(=O)c1sc(-c2cc([N+](=O)[O-])ccc2Nc2cc(Nc3ccc([N+](=O)[O-])cc3-c3nc(C)c(C(=O)OCC)s3)nc(C3CC3)n2)nc1C,0.9873296,3.3449322191444164
CCOC(=O)c1sc(-c2cc([N+](=O)[O-])ccc2Nc2cc(NC(CC(=O)OC)c3ccc(F)cc3)nc(C3CC3)n2)nc1C,0.93603253,3.4734587698618435
CCOC(=O)c1sc(-c2cc([N+](=O)[O-])ccc2Nc2cc(Nc3c([N+](=O)[O-])c(=O)oc4ccccc34)nc(C3CC3)n2)nc1C,0.6897126,3.206151159476038
CCOC(=O)c1sc(-c2cc([N+](=O)[O-])ccc2Nc2cc(N(CCOC)C(C)C)nc(C3CC3)n2)nc1C,0.9913371,3.06529816468902
CCCCN(c1cc(Nc2ccc([N+](=O)[O-])cc2-c2nc(C)c(C(=O)OCC)s2)nc(C2CC2)n1)C(C)CC,0.9989597,3.5170299238477973
CCOC(=O)c1sc(-c2cc([N+](=O)[O-])ccc2Nc2cc(NCCS(C)(=O)=O)nc(C3CC3)n2)nc1C,0.78151906,2.9704408360224104
CCOC(=O)c1sc(-c2cc([N+](=O)[O-])ccc2Nc2cc(N(C)Cc3c(F)cccc3Cl)nc(C3CC3)n2)nc1C,0.99994594,3.050714243805815
CCCN(Cc1cccc(Br)c1)c1cc(Nc2ccc([N+](=O)[O-])cc2-c2nc(C)c(C(=O)OCC)s2)nc(C2CC2)n1,0.99991894,3.051673139568738
CCOC(=O)c1sc(-c2cc([N+](=O)[O-])ccc2Nc2cc(N(Cc3ccc(F)cc3)C3CCCCC3)nc(C3CC3)n2)nc1C,0.99990475,3.088963865519994
COC(=O)CC(Nc1cc(N2CCC3(CC2)OCCc2ccccc23)nc(C2CC2)n1)c1ccc(F)cc1,0.84215593,3.812351199634632
CCOC(=O)c1sc(-c2cc([N+](=O)[O-])ccc2Nc2cc(NC(CC(=O)OC)c3ccc(F)cc3)nc(C3CC3)n2)nc1C,0.93603253,3.4734587698618435
COC(=O)CC(Nc1cc(NC(CC(=O)OC)c2ccc(F)cc2)nc(C2CC2)n1)c1ccc(F)cc1,0.9964365,3.418650634586567
COC(=O)CC(Nc1cc(Nc2c([N+](=O)[O-])c(=O)oc3ccccc23)nc(C2CC2)n1)c1ccc(F)cc1,0.18031955,3.3456203462173963
COCCN(c1cc(NC(CC(=O)OC)c2ccc(F)cc2)nc(C2CC2)n1)C(C)C,0.9956994,3.2228160768473373
CCCCN(c1cc(NC(CC(=O)OC)c2ccc(F)cc2)nc(C2CC2)n1)C(C)CC,0.9984635,3.5018838254217783
COC(=O)CC(Nc1cc(NCCS(C)(=O)=O)nc(C2CC2)n1)c1ccc(F)cc1,0.58666503,3.11378303507553
COC(=O)CC(Nc1cc(N(C)Cc2c(F)cccc2Cl)nc(C2CC2)n1)c1ccc(F)cc1,0.9999554,3.185023920427396
CCCN(Cc1cccc(Br)c1)c1cc(NC(CC(=O)OC)c2ccc(F)cc2)nc(C2CC2)n1,0.9999171,3.180769581261135
COC(=O)CC(Nc1cc(N(Cc2ccc(F)cc2)C2CCCCC2)nc(C2CC2)n1)c1ccc(F)cc1,0.99565125,3.2088459538259437
O=c1oc2ccccc2c(Nc2cc(N3CCC4(CC3)OCCc3ccccc34)nc(C3CC3)n2)c1[N+](=O)[O-],0.99427915,3.554165492261685
CCOC(=O)c1sc(-c2cc([N+](=O)[O-])ccc2Nc2cc(Nc3c([N+](=O)[O-])c(=O)oc4ccccc34)nc(C3CC3)n2)nc1C,0.6897126,3.206151159476038
COC(=O)CC(Nc1cc(Nc2c([N+](=O)[O-])c(=O)oc3ccccc23)nc(C2CC2)n1)c1ccc(F)cc1,0.18031955,3.3456203462173963
O=c1oc2ccccc2c(Nc2cc(Nc3c([N+](=O)[O-])c(=O)oc4ccccc34)nc(C3CC3)n2)c1[N+](=O)[O-],0.88246,3.092234335445921
COCCN(c1cc(Nc2c([N+](=O)[O-])c(=O)oc3ccccc23)nc(C2CC2)n1)C(C)C,0.9959199,2.9955316646085564
CCCCN(c1cc(Nc2c([N+](=O)[O-])c(=O)oc3ccccc23)nc(C2CC2)n1)C(C)CC,0.9980098,3.4425136815348694
CS(=O)(=O)CCNc1cc(Nc2c([N+](=O)[O-])c(=O)oc3ccccc23)nc(C2CC2)n1,0.851838,2.8945208771265474
CN(Cc1c(F)cccc1Cl)c1cc(Nc2c([N+](=O)[O-])c(=O)oc3ccccc23)nc(C2CC2)n1,0.9991235,2.947873874406282
CCCN(Cc1cccc(Br)c1)c1cc(Nc2c([N+](=O)[O-])c(=O)oc3ccccc23)nc(C2CC2)n1,0.9992452,2.9390824488298186
O=c1oc2ccccc2c(Nc2cc(N(Cc3ccc(F)cc3)C3CCCCC3)nc(C3CC3)n2)c1[N+](=O)[O-],0.83580405,2.9567866056756937
COCCN(c1cc(N2CCC3(CC2)OCCc2ccccc23)nc(C2CC2)n1)C(C)C,0.94670904,3.4772984253554293
CCOC(=O)c1sc(-c2cc([N+](=O)[O-])ccc2Nc2cc(N(CCOC)C(C)C)nc(C3CC3)n2)nc1C,0.9913371,3.06529816468902
COCCN(c1cc(NC(CC(=O)OC)c2ccc(F)cc2)nc(C2CC2)n1)C(C)C,0.9956994,3.2228160768473373
COCCN(c1cc(Nc2c([N+](=O)[O-])c(=O)oc3ccccc23)nc(C2CC2)n1)C(C)C,0.9959199,2.9955316646085564
COCCN(c1cc(N(CCOC)C(C)C)nc(C2CC2)n1)C(C)C,0.9986234,3.006821145678906
CCCCN(c1cc(N(CCOC)C(C)C)nc(C2CC2)n1)C(C)CC,0.99962175,3.4422649547492172
COCCN(c1cc(NCCS(C)(=O)=O)nc(C2CC2)n1)C(C)C,0.6261796,2.8759336323923836
COCCN(c1cc(N(C)Cc2c(F)cccc2Cl)nc(C2CC2)n1)C(C)C,0.9999691,2.889156395811515
CCCN(Cc1cccc(Br)c1)c1cc(N(CCOC)C(C)C)nc(C2CC2)n1,0.999897,2.8603811608374645
COCCN(c1cc(N(Cc2ccc(F)cc2)C2CCCCC2)nc(C2CC2)n1)C(C)C,0.9994493,2.839908657019773
CCCCN(c1cc(N2CCC3(CC2)OCCc2ccccc23)nc(C2CC2)n1)C(C)CC,0.3599339,3.9222666204352175
CCCCN(c1cc(Nc2ccc([N+](=O)[O-])cc2-c2nc(C)c(C(=O)OCC)s2)nc(C2CC2)n1)C(C)CC,0.9989597,3.5170299238477973
CCCCN(c1cc(NC(CC(=O)OC)c2ccc(F)cc2)nc(C2CC2)n1)C(C)CC,0.9984635,3.5018838254217783
CCCCN(c1cc(Nc2c([N+](=O)[O-])c(=O)oc3ccccc23)nc(C2CC2)n1)C(C)CC,0.9980098,3.4425136815348694
CCCCN(c1cc(N(CCOC)C(C)C)nc(C2CC2)n1)C(C)CC,0.99962175,3.4422649547492172
CCCCN(c1cc(N(CCCC)C(C)CC)nc(C2CC2)n1)C(C)CC,0.9984079,3.7058811710756423
CCCCN(c1cc(NCCS(C)(=O)=O)nc(C2CC2)n1)C(C)CC,0.96741307,3.315088243747586
CCCCN(c1cc(N(C)Cc2c(F)cccc2Cl)nc(C2CC2)n1)C(C)CC,0.9999985,3.3344024155175074
CCCCN(c1cc(N(CCC)Cc2cccc(Br)c2)nc(C2CC2)n1)C(C)CC,0.9999841,3.308080400360847
CCCCN(c1cc(N(Cc2ccc(F)cc2)C2CCCCC2)nc(C2CC2)n1)C(C)CC,0.9993506,3.291882577855941
CS(=O)(=O)CCNc1cc(N2CCC3(CC2)OCCc2ccccc23)nc(C2CC2)n1,0.6701031,3.3666907848934073
CCOC(=O)c1sc(-c2cc([N+](=O)[O-])ccc2Nc2cc(NCCS(C)(=O)=O)nc(C3CC3)n2)nc1C,0.78151906,2.9704408360224104
COC(=O)CC(Nc1cc(NCCS(C)(=O)=O)nc(C2CC2)n1)c1ccc(F)cc1,0.58666503,3.11378303507553
CS(=O)(=O)CCNc1cc(Nc2c([N+](=O)[O-])c(=O)oc3ccccc23)nc(C2CC2)n1,0.851838,2.8945208771265474
COCCN(c1cc(NCCS(C)(=O)=O)nc(C2CC2)n1)C(C)C,0.6261796,2.8759336323923836
CCCCN(c1cc(NCCS(C)(=O)=O)nc(C2CC2)n1)C(C)CC,0.96741307,3.315088243747586
CS(=O)(=O)CCNc1cc(NCCS(C)(=O)=O)nc(C2CC2)n1,0.9829312,2.7558802196239576
CN(Cc1c(F)cccc1Cl)c1cc(NCCS(C)(=O)=O)nc(C2CC2)n1,0.97190726,2.7613924899045497
CCCN(Cc1cccc(Br)c1)c1cc(NCCS(C)(=O)=O)nc(C2CC2)n1,0.9968824,2.7350921600472784
CS(=O)(=O)CCNc1cc(N(Cc2ccc(F)cc2)C2CCCCC2)nc(C2CC2)n1,0.97978204,2.720832549756244
CN(Cc1c(F)cccc1Cl)c1cc(N2CCC3(CC2)OCCc2ccccc23)nc(C2CC2)n1,0.99975973,3.4280811093370183
CCOC(=O)c1sc(-c2cc([N+](=O)[O-])ccc2Nc2cc(N(C)Cc3c(F)cccc3Cl)nc(C3CC3)n2)nc1C,0.99994594,3.050714243805815
COC(=O)CC(Nc1cc(N(C)Cc2c(F)cccc2Cl)nc(C2CC2)n1)c1ccc(F)cc1,0.9999554,3.185023920427396
CN(Cc1c(F)cccc1Cl)c1cc(Nc2c([N+](=O)[O-])c(=O)oc3ccccc23)nc(C2CC2)n1,0.9991235,2.947873874406282
COCCN(c1cc(N(C)Cc2c(F)cccc2Cl)nc(C2CC2)n1)C(C)C,0.9999691,2.889156395811515
CCCCN(c1cc(N(C)Cc2c(F)cccc2Cl)nc(C2CC2)n1)C(C)CC,0.9999985,3.3344024155175074
CN(Cc1c(F)cccc1Cl)c1cc(NCCS(C)(=O)=O)nc(C2CC2)n1,0.97190726,2.7613924899045497
CN(Cc1c(F)cccc1Cl)c1cc(N(C)Cc2c(F)cccc2Cl)nc(C2CC2)n1,1.0,2.8171772277526657
CCCN(Cc1cccc(Br)c1)c1cc(N(C)Cc2c(F)cccc2Cl)nc(C2CC2)n1,1.0,2.8023186654728605
CN(Cc1c(F)cccc1Cl)c1cc(N(Cc2ccc(F)cc2)C2CCCCC2)nc(C2CC2)n1,0.99998224,2.8091042166354807
CCCN(Cc1cccc(Br)c1)c1cc(N2CCC3(CC2)OCCc2ccccc23)nc(C2CC2)n1,0.9999226,3.418039521042001
CCCN(Cc1cccc(Br)c1)c1cc(Nc2ccc([N+](=O)[O-])cc2-c2nc(C)c(C(=O)OCC)s2)nc(C2CC2)n1,0.99991894,3.051673139568738
CCCN(Cc1cccc(Br)c1)c1cc(NC(CC(=O)OC)c2ccc(F)cc2)nc(C2CC2)n1,0.9999171,3.180769581261135
CCCN(Cc1cccc(Br)c1)c1cc(Nc2c([N+](=O)[O-])c(=O)oc3ccccc23)nc(C2CC2)n1,0.9992452,2.9390824488298186
CCCN(Cc1cccc(Br)c1)c1cc(N(CCOC)C(C)C)nc(C2CC2)n1,0.999897,2.8603811608374645
CCCCN(c1cc(N(CCC)Cc2cccc(Br)c2)nc(C2CC2)n1)C(C)CC,0.9999841,3.308080400360847
CCCN(Cc1cccc(Br)c1)c1cc(NCCS(C)(=O)=O)nc(C2CC2)n1,0.9968824,2.7350921600472784
CCCN(Cc1cccc(Br)c1)c1cc(N(C)Cc2c(F)cccc2Cl)nc(C2CC2)n1,1.0,2.8023186654728605
CCCN(Cc1cccc(Br)c1)c1cc(N(CCC)Cc2cccc(Br)c2)nc(C2CC2)n1,1.0,2.7915957098825714
CCCN(Cc1cccc(Br)c1)c1cc(N(Cc2ccc(F)cc2)C2CCCCC2)nc(C2CC2)n1,0.9999832,2.8064341804692194
Fc1ccc(CN(c2cc(N3CCC4(CC3)OCCc3ccccc34)nc(C3CC3)n2)C2CCCCC2)cc1,0.9981488,3.432410960637096
CCOC(=O)c1sc(-c2cc([N+](=O)[O-])ccc2Nc2cc(N(Cc3ccc(F)cc3)C3CCCCC3)nc(C3CC3)n2)nc1C,0.99990475,3.088963865519994
COC(=O)CC(Nc1cc(N(Cc2ccc(F)cc2)C2CCCCC2)nc(C2CC2)n1)c1ccc(F)cc1,0.99565125,3.2088459538259437
O=c1oc2ccccc2c(Nc2cc(N(Cc3ccc(F)cc3)C3CCCCC3)nc(C3CC3)n2)c1[N+](=O)[O-],0.83580405,2.9567866056756937
COCCN(c1cc(N(Cc2ccc(F)cc2)C2CCCCC2)nc(C2CC2)n1)C(C)C,0.9994493,2.839908657019773
CCCCN(c1cc(N(Cc2ccc(F)cc2)C2CCCCC2)nc(C2CC2)n1)C(C)CC,0.9993506,3.291882577855941
CS(=O)(=O)CCNc1cc(N(Cc2ccc(F)cc2)C2CCCCC2)nc(C2CC2)n1,0.97978204,2.720832549756244
CN(Cc1c(F)cccc1Cl)c1cc(N(Cc2ccc(F)cc2)C2CCCCC2)nc(C2CC2)n1,0.99998224,2.8091042166354807
CCCN(Cc1cccc(Br)c1)c1cc(N(Cc2ccc(F)cc2)C2CCCCC2)nc(C2CC2)n1,0.9999832,2.8064341804692194
Fc1ccc(CN(c2cc(N(Cc3ccc(F)cc3)C3CCCCC3)nc(C3CC3)n2)C2CCCCC2)cc1,0.9999719,2.81918410728084
FC(F)(F)c1nc(N2CCC3(CC2)OCCc2ccccc23)cc(N2CCC3(CC2)OCCc2ccccc23)n1,0.9926491,3.885972084036024
CCOC(=O)c1sc(-c2cc([N+](=O)[O-])ccc2Nc2cc(N3CCC4(CC3)OCCc3ccccc34)nc(C(F)(F)F)n2)nc1C,0.74312776,3.7157070135326187
COC(=O)CC(Nc1cc(N2CCC3(CC2)OCCc2ccccc23)nc(C(F)(F)F)n1)c1ccc(F)cc1,0.95316625,3.8657416226257872
O=c1oc2ccccc2c(Nc2cc(N3CCC4(CC3)OCCc3ccccc34)nc(C(F)(F)F)n2)c1[N+](=O)[O-],0.98652184,3.6060835017371895
COCCN(c1cc(N2CCC3(CC2)OCCc2ccccc23)nc(C(F)(F)F)n1)C(C)C,0.9876202,3.5242433719006048
CCCCN(c1cc(N2CCC3(CC2)OCCc2ccccc23)nc(C(F)(F)F)n1)C(C)CC,0.98613393,3.968972330415581
CS(=O)(=O)CCNc1cc(N2CCC3(CC2)OCCc2ccccc23)nc(C(F)(F)F)n1,0.6909766,3.421370967161449
CN(Cc1c(F)cccc1Cl)c1cc(N2CCC3(CC2)OCCc2ccccc23)nc(C(F)(F)F)n1,0.9999875,3.4756868772152405
CCCN(Cc1cccc(Br)c1)c1cc(N2CCC3(CC2)OCCc2ccccc23)nc(C(F)(F)F)n1,0.99999005,3.4656489270049473
Fc1ccc(CN(c2cc(N3CCC4(CC3)OCCc3ccccc34)nc(C(F)(F)F)n2)C2CCCCC2)cc1,0.99961954,3.479963007530852
CCOC(=O)c1sc(-c2cc([N+](=O)[O-])ccc2Nc2cc(N3CCC4(CC3)OCCc3ccccc34)nc(C(F)(F)F)n2)nc1C,0.74312776,3.7157070135326187
CCOC(=O)c1sc(-c2cc([N+](=O)[O-])ccc2Nc2cc(Nc3ccc([N+](=O)[O-])cc3-c3nc(C)c(C(=O)OCC)s3)nc(C(F)(F)F)n2)nc1C,0.86846346,3.4076320606031487
CCOC(=O)c1sc(-c2cc([N+](=O)[O-])ccc2Nc2cc(NC(CC(=O)OC)c3ccc(F)cc3)nc(C(F)(F)F)n2)nc1C,0.023123132,3.5398282112532495
CCOC(=O)c1sc(-c2cc([N+](=O)[O-])ccc2Nc2cc(Nc3c([N+](=O)[O-])c(=O)oc4ccccc34)nc(C(F)(F)F)n2)nc1C,0.55456513,3.270990958407883
CCOC(=O)c1sc(-c2cc([N+](=O)[O-])ccc2Nc2cc(N(CCOC)C(C)C)nc(C(F)(F)F)n2)nc1C,0.91596997,3.1286945597499196
CCCCN(c1cc(Nc2ccc([N+](=O)[O-])cc2-c2nc(C)c(C(=O)OCC)s2)nc(C(F)(F)F)n1)C(C)CC,0.99971545,3.5797375336058517
CCOC(=O)c1sc(-c2cc([N+](=O)[O-])ccc2Nc2cc(NCCS(C)(=O)=O)nc(C(F)(F)F)n2)nc1C,0.054421436,3.0408823447807727
CCOC(=O)c1sc(-c2cc([N+](=O)[O-])ccc2Nc2cc(N(C)Cc3c(F)cccc3Cl)nc(C(F)(F)F)n2)nc1C,0.999973,3.11320969191838
CCCN(Cc1cccc(Br)c1)c1cc(Nc2ccc([N+](=O)[O-])cc2-c2nc(C)c(C(=O)OCC)s2)nc(C(F)(F)F)n1,0.999963,3.1136188983283244
CCOC(=O)c1sc(-c2cc([N+](=O)[O-])ccc2Nc2cc(N(Cc3ccc(F)cc3)C3CCCCC3)nc(C(F)(F)F)n2)nc1C,0.9997984,3.149657483276533
COC(=O)CC(Nc1cc(N2CCC3(CC2)OCCc2ccccc23)nc(C(F)(F)F)n1)c1ccc(F)cc1,0.95316625,3.8657416226257872
CCOC(=O)c1sc(-c2cc([N+](=O)[O-])ccc2Nc2cc(NC(CC(=O)OC)c3ccc(F)cc3)nc(C(F)(F)F)n2)nc1C,0.023123132,3.5398282112532495
COC(=O)CC(Nc1cc(NC(CC(=O)OC)c2ccc(F)cc2)nc(C(F)(F)F)n1)c1ccc(F)cc1,0.36211893,3.490390011883279
COC(=O)CC(Nc1cc(Nc2c([N+](=O)[O-])c(=O)oc3ccccc23)nc(C(F)(F)F)n1)c1ccc(F)cc1,0.034994327,3.415170949488825
COCCN(c1cc(NC(CC(=O)OC)c2ccc(F)cc2)nc(C(F)(F)F)n1)C(C)C,0.9948586,3.291950754959858
CCCCN(c1cc(NC(CC(=O)OC)c2ccc(F)cc2)nc(C(F)(F)F)n1)C(C)CC,0.99896497,3.569927398086884
COC(=O)CC(Nc1cc(NCCS(C)(=O)=O)nc(C(F)(F)F)n1)c1ccc(F)cc1,0.0012299974,3.191998532763515
COC(=O)CC(Nc1cc(N(C)Cc2c(F)cccc2Cl)nc(C(F)(F)F)n1)c1ccc(F)cc1,0.9999304,3.2526137683240712
CCCN(Cc1cccc(Br)c1)c1cc(NC(CC(=O)OC)c2ccc(F)cc2)nc(C(F)(F)F)n1,0.99992263,3.2474897188442
COC(=O)CC(Nc1cc(N(Cc2ccc(F)cc2)C2CCCCC2)nc(C(F)(F)F)n1)c1ccc(F)cc1,0.9958381,3.2736050986729754
O=c1oc2ccccc2c(Nc2cc(N3CCC4(CC3)OCCc3ccccc34)nc(C(F)(F)F)n2)c1[N+](=O)[O-],0.98652184,3.6060835017371895
CCOC(=O)c1sc(-c2cc([N+](=O)[O-])ccc2Nc2cc(Nc3c([N+](=O)[O-])c(=O)oc4ccccc34)nc(C(F)(F)F)n2)nc1C,0.55456513,3.270990958407883
COC(=O)CC(Nc1cc(Nc2c([N+](=O)[O-])c(=O)oc3ccccc23)nc(C(F)(F)F)n1)c1ccc(F)cc1,0.034994327,3.415170949488825
O=c1oc2ccccc2c(Nc2cc(Nc3c([N+](=O)[O-])c(=O)oc4ccccc34)nc(C(F)(F)F)n2)c1[N+](=O)[O-],0.99741936,3.1597878167462694
COCCN(c1cc(Nc2c([N+](=O)[O-])c(=O)oc3ccccc23)nc(C(F)(F)F)n1)C(C)C,0.9981765,3.0618610453981194
CCCCN(c1cc(Nc2c([N+](=O)[O-])c(=O)oc3ccccc23)nc(C(F)(F)F)n1)C(C)CC,0.99874294,3.5079422278585035
CS(=O)(=O)CCNc1cc(Nc2c([N+](=O)[O-])c(=O)oc3ccccc23)nc(C(F)(F)F)n1,0.10591099,2.969417975817688
CN(Cc1c(F)cccc1Cl)c1cc(Nc2c([N+](=O)[O-])c(=O)oc3ccccc23)nc(C(F)(F)F)n1,0.99986976,3.013087179393372
CCCN(Cc1cccc(Br)c1)c1cc(Nc2c([N+](=O)[O-])c(=O)oc3ccccc23)nc(C(F)(F)F)n1,0.9989607,3.003597840810885
O=c1oc2ccccc2c(Nc2cc(N(Cc3ccc(F)cc3)C3CCCCC3)nc(C(F)(F)F)n2)c1[N+](=O)[O-],0.7300614,3.0197026586133227
COCCN(c1cc(N2CCC3(CC2)OCCc2ccccc23)nc(C(F)(F)F)n1)C(C)C,0.9876202,3.5242433719006048
CCOC(=O)c1sc(-c2cc([N+](=O)[O-])ccc2Nc2cc(N(CCOC)C(C)C)nc(C(F)(F)F)n2)nc1C,0.91596997,3.1286945597499196
COCCN(c1cc(NC(CC(=O)OC)c2ccc(F)cc2)nc(C(F)(F)F)n1)C(C)C,0.9948586,3.291950754959858
COCCN(c1cc(Nc2c([N+](=O)[O-])c(=O)oc3ccccc23)nc(C(F)(F)F)n1)C(C)C,0.9981765,3.0618610453981194
COCCN(c1cc(N(CCOC)C(C)C)nc(C(F)(F)F)n1)C(C)C,0.9893285,3.070280994480383
CCCCN(c1cc(N(CCOC)C(C)C)nc(C(F)(F)F)n1)C(C)CC,0.99970174,3.5047405712189192
COCCN(c1cc(NCCS(C)(=O)=O)nc(C(F)(F)F)n1)C(C)C,0.85893494,2.95112326414867
COCCN(c1cc(N(C)Cc2c(F)cccc2Cl)nc(C(F)(F)F)n1)C(C)C,0.99970746,2.952159596077438
CCCN(Cc1cccc(Br)c1)c1cc(N(CCOC)C(C)C)nc(C(F)(F)F)n1,0.9995114,2.922761274764458
COCCN(c1cc(N(Cc2ccc(F)cc2)C2CCCCC2)nc(C(F)(F)F)n1)C(C)C,0.9996693,2.900757935030228
CCCCN(c1cc(N2CCC3(CC2)OCCc2ccccc23)nc(C(F)(F)F)n1)C(C)CC,0.98613393,3.968972330415581
CCCCN(c1cc(Nc2ccc([N+](=O)[O-])cc2-c2nc(C)c(C(=O)OCC)s2)nc(C(F)(F)F)n1)C(C)CC,0.99971545,3.5797375336058517
CCCCN(c1cc(NC(CC(=O)OC)c2ccc(F)cc2)nc(C(F)(F)F)n1)C(C)CC,0.99896497,3.569927398086884
CCCCN(c1cc(Nc2c([N+](=O)[O-])c(=O)oc3ccccc23)nc(C(F)(F)F)n1)C(C)CC,0.99874294,3.5079422278585035
CCCCN(c1cc(N(CCOC)C(C)C)nc(C(F)(F)F)n1)C(C)CC,0.99970174,3.5047405712189192
CCCCN(c1cc(N(CCCC)C(C)CC)nc(C(F)(F)F)n1)C(C)CC,0.9994412,3.7674511281206566
CCCCN(c1cc(NCCS(C)(=O)=O)nc(C(F)(F)F)n1)C(C)CC,0.99858433,3.3886696841288373
CCCCN(c1cc(N(C)Cc2c(F)cccc2Cl)nc(C(F)(F)F)n1)C(C)CC,0.99999523,3.396467701948147
CCCCN(c1cc(N(CCC)Cc2cccc(Br)c2)nc(C(F)(F)F)n1)C(C)CC,0.9998965,3.369574738322661
CCCCN(c1cc(N(Cc2ccc(F)cc2)C2CCCCC2)nc(C(F)(F)F)n1)C(C)CC,0.9996503,3.3519750135448056
CS(=O)(=O)CCNc1cc(N2CCC3(CC2)OCCc2ccccc23)nc(C(F)(F)F)n1,0.6909766,3.421370967161449
CCOC(=O)c1sc(-c2cc([N+](=O)[O-])ccc2Nc2cc(NCCS(C)(=O)=O)nc(C(F)(F)F)n2)nc1C,0.054421436,3.0408823447807727
COC(=O)CC(Nc1cc(NCCS(C)(=O)=O)nc(C(F)(F)F)n1)c1ccc(F)cc1,0.0012299974,3.191998532763515
CS(=O)(=O)CCNc1cc(Nc2c([N+](=O)[O-])c(=O)oc3ccccc23)nc(C(F)(F)F)n1,0.10591099,2.969417975817688
COCCN(c1cc(NCCS(C)(=O)=O)nc(C(F)(F)F)n1)C(C)C,0.85893494,2.95112326414867
CCCCN(c1cc(NCCS(C)(=O)=O)nc(C(F)(F)F)n1)C(C)CC,0.99858433,3.3886696841288373
CS(=O)(=O)CCNc1cc(NCCS(C)(=O)=O)nc(C(F)(F)F)n1,0.14787017,2.843764672121887
CN(Cc1c(F)cccc1Cl)c1cc(NCCS(C)(=O)=O)nc(C(F)(F)F)n1,0.8634982,2.8346118523549713
CCCN(Cc1cccc(Br)c1)c1cc(NCCS(C)(=O)=O)nc(C(F)(F)F)n1,0.9993709,2.8070995855913328
CS(=O)(=O)CCNc1cc(N(Cc2ccc(F)cc2)C2CCCCC2)nc(C(F)(F)F)n1,0.99712485,2.790070299007864
CN(Cc1c(F)cccc1Cl)c1cc(N2CCC3(CC2)OCCc2ccccc23)nc(C(F)(F)F)n1,0.9999875,3.4756868772152405
CCOC(=O)c1sc(-c2cc([N+](=O)[O-])ccc2Nc2cc(N(C)Cc3c(F)cccc3Cl)nc(C(F)(F)F)n2)nc1C,0.999973,3.11320969191838
COC(=O)CC(Nc1cc(N(C)Cc2c(F)cccc2Cl)nc(C(F)(F)F)n1)c1ccc(F)cc1,0.9999304,3.2526137683240712
CN(Cc1c(F)cccc1Cl)c1cc(Nc2c([N+](=O)[O-])c(=O)oc3ccccc23)nc(C(F)(F)F)n1,0.99986976,3.013087179393372
COCCN(c1cc(N(C)Cc2c(F)cccc2Cl)nc(C(F)(F)F)n1)C(C)C,0.99970746,2.952159596077438
CCCCN(c1cc(N(C)Cc2c(F)cccc2Cl)nc(C(F)(F)F)n1)C(C)CC,0.99999523,3.396467701948147
CN(Cc1c(F)cccc1Cl)c1cc(NCCS(C)(=O)=O)nc(C(F)(F)F)n1,0.8634982,2.8346118523549713
CN(Cc1c(F)cccc1Cl)c1cc(N(C)Cc2c(F)cccc2Cl)nc(C(F)(F)F)n1,1.0,2.879403652210261
CCCN(Cc1cccc(Br)c1)c1cc(N(C)Cc2c(F)cccc2Cl)nc(C(F)(F)F)n1,1.0,2.8639051197852705
CN(Cc1c(F)cccc1Cl)c1cc(N(Cc2ccc(F)cc2)C2CCCCC2)nc(C(F)(F)F)n1,0.9999921,2.8691933623193577
CCCN(Cc1cccc(Br)c1)c1cc(N2CCC3(CC2)OCCc2ccccc23)nc(C(F)(F)F)n1,0.99999005,3.4656489270049473
CCCN(Cc1cccc(Br)c1)c1cc(Nc2ccc([N+](=O)[O-])cc2-c2nc(C)c(C(=O)OCC)s2)nc(C(F)(F)F)n1,0.999963,3.1136188983283244
CCCN(Cc1cccc(Br)c1)c1cc(NC(CC(=O)OC)c2ccc(F)cc2)nc(C(F)(F)F)n1,0.99992263,3.2474897188442
CCCN(Cc1cccc(Br)c1)c1cc(Nc2c([N+](=O)[O-])c(=O)oc3ccccc23)nc(C(F)(F)F)n1,0.9989607,3.003597840810885
CCCN(Cc1cccc(Br)c1)c1cc(N(CCOC)C(C)C)nc(C(F)(F)F)n1,0.9995114,2.922761274764458
CCCCN(c1cc(N(CCC)Cc2cccc(Br)c2)nc(C(F)(F)F)n1)C(C)CC,0.9998965,3.369574738322661
CCCN(Cc1cccc(Br)c1)c1cc(NCCS(C)(=O)=O)nc(C(F)(F)F)n1,0.9993709,2.8070995855913328
CCCN(Cc1cccc(Br)c1)c1cc(N(C)Cc2c(F)cccc2Cl)nc(C(F)(F)F)n1,1.0,2.8639051197852705
CCCN(Cc1cccc(Br)c1)c1cc(N(CCC)Cc2cccc(Br)c2)nc(C(F)(F)F)n1,1.0,2.852566841410871
CCCN(Cc1cccc(Br)c1)c1cc(N(Cc2ccc(F)cc2)C2CCCCC2)nc(C(F)(F)F)n1,0.9999971,2.865979362202115
Fc1ccc(CN(c2cc(N3CCC4(CC3)OCCc3ccccc34)nc(C(F)(F)F)n2)C2CCCCC2)cc1,0.99961954,3.479963007530852
CCOC(=O)c1sc(-c2cc([N+](=O)[O-])ccc2Nc2cc(N(Cc3ccc(F)cc3)C3CCCCC3)nc(C(F)(F)F)n2)nc1C,0.9997984,3.149657483276533
COC(=O)CC(Nc1cc(N(Cc2ccc(F)cc2)C2CCCCC2)nc(C(F)(F)F)n1)c1ccc(F)cc1,0.9958381,3.2736050986729754
O=c1oc2ccccc2c(Nc2cc(N(Cc3ccc(F)cc3)C3CCCCC3)nc(C(F)(F)F)n2)c1[N+](=O)[O-],0.7300614,3.0197026586133227
COCCN(c1cc(N(Cc2ccc(F)cc2)C2CCCCC2)nc(C(F)(F)F)n1)C(C)C,0.9996693,2.900757935030228
CCCCN(c1cc(N(Cc2ccc(F)cc2)C2CCCCC2)nc(C(F)(F)F)n1)C(C)CC,0.9996503,3.3519750135448056
CS(=O)(=O)CCNc1cc(N(Cc2ccc(F)cc2)C2CCCCC2)nc(C(F)(F)F)n1,0.99712485,2.790070299007864
CN(Cc1c(F)cccc1Cl)c1cc(N(Cc2ccc(F)cc2)C2CCCCC2)nc(C(F)(F)F)n1,0.9999921,2.8691933623193577
CCCN(Cc1cccc(Br)c1)c1cc(N(Cc2ccc(F)cc2)C2CCCCC2)nc(C(F)(F)F)n1,0.9999971,2.865979362202115
Fc1ccc(CN(c2cc(N(Cc3ccc(F)cc3)C3CCCCC3)nc(C(F)(F)F)n2)C2CCCCC2)cc1,0.999997,2.877941712493204
Brc1c(N2CCC3(CC2)OCCc2ccccc23)ncnc1N1CCC2(CC1)OCCc1ccccc12,0.99999624,3.8844423182874817
CCOC(=O)c1sc(-c2cc([N+](=O)[O-])ccc2Nc2ncnc(N3CCC4(CC3)OCCc3ccccc34)c2Br)nc1C,0.99938494,3.673076764524142
COC(=O)CC(Nc1ncnc(N2CCC3(CC2)OCCc2ccccc23)c1Br)c1ccc(F)cc1,0.29455027,3.8318528962724345
O=c1oc2ccccc2c(Nc2ncnc(N3CCC4(CC3)OCCc3ccccc34)c2Br)c1[N+](=O)[O-],0.9999133,3.5835611226562376
COCCN(c1ncnc(N2CCC3(CC2)OCCc2ccccc23)c1Br)C(C)C,0.9993455,3.4792864059831317
CCCCN(c1ncnc(N2CCC3(CC2)OCCc2ccccc23)c1Br)C(C)CC,0.9962416,3.919296535155894
CS(=O)(=O)CCNc1ncnc(N2CCC3(CC2)OCCc2ccccc23)c1Br,0.30639577,3.4066469544424383
CN(Cc1c(F)cccc1Cl)c1ncnc(N2CCC3(CC2)OCCc2ccccc23)c1Br,0.9999997,3.4169803916211228
CCCN(Cc1cccc(Br)c1)c1ncnc(N2CCC3(CC2)OCCc2ccccc23)c1Br,0.9999994,3.4148477997060125
Fc1ccc(CN(c2ncnc(N3CCC4(CC3)OCCc3ccccc34)c2Br)C2CCCCC2)cc1,0.99967355,3.4095323373456887
CCOC(=O)c1sc(-c2cc([N+](=O)[O-])ccc2Nc2ncnc(N3CCC4(CC3)OCCc3ccccc34)c2Br)nc1C,0.99938494,3.673076764524142
CCOC(=O)c1sc(-c2cc([N+](=O)[O-])ccc2Nc2ncnc(Nc3ccc([N+](=O)[O-])cc3-c3nc(C)c(C(=O)OCC)s3)c2Br)nc1C,0.98941267,3.3261170129581092
CCOC(=O)c1sc(-c2cc([N+](=O)[O-])ccc2Nc2ncnc(NC(CC(=O)OC)c3ccc(F)cc3)c2Br)nc1C,0.22326276,3.4594714867893703
CCOC(=O)c1sc(-c2cc([N+](=O)[O-])ccc2Nc2ncnc(Nc3c([N+](=O)[O-])c(=O)oc4ccccc34)c2Br)nc1C,0.99801654,3.20127346846407
CCOC(=O)c1sc(-c2cc([N+](=O)[O-])ccc2Nc2ncnc(N(CCOC)C(C)C)c2Br)nc1C,0.9998027,3.0390396269458178
CCCCN(c1ncnc(Nc2ccc([N+](=O)[O-])cc2-c2nc(C)c(C(=O)OCC)s2)c1Br)C(C)CC,0.99995744,3.4875439069417693
CCOC(=O)c1sc(-c2cc([N+](=O)[O-])ccc2Nc2ncnc(NCCS(C)(=O)=O)c2Br)nc1C,0.19341886,2.9641424281739415
CCOC(=O)c1sc(-c2cc([N+](=O)[O-])ccc2Nc2ncnc(N(C)Cc3c(F)cccc3Cl)c2Br)nc1C,0.99999934,3.0168627503643375
CCCN(Cc1cccc(Br)c1)c1ncnc(Nc2ccc([N+](=O)[O-])cc2-c2nc(C)c(C(=O)OCC)s2)c1Br,0.99999917,3.0260858602568117
CCOC(=O)c1sc(-c2cc([N+](=O)[O-])ccc2Nc2ncnc(N(Cc3ccc(F)cc3)C3CCCCC3)c2Br)nc1C,0.99989176,3.0484510472787
COC(=O)CC(Nc1ncnc(N2CCC3(CC2)OCCc2ccccc23)c1Br)c1ccc(F)cc1,0.29455027,3.8318528962724345
CCOC(=O)c1sc(-c2cc([N+](=O)[O-])ccc2Nc2ncnc(NC(CC(=O)OC)c3ccc(F)cc3)c2Br)nc1C,0.22326276,3.4594714867893703
COC(=O)CC(Nc1ncnc(NC(CC(=O)OC)c2ccc(F)cc2)c1Br)c1ccc(F)cc1,0.3214945,3.4097940418517174
COC(=O)CC(Nc1ncnc(Nc2c([N+](=O)[O-])c(=O)oc3ccccc23)c1Br)c1ccc(F)cc1,0.6426101,3.3488451004131266
COCCN(c1ncnc(NC(CC(=O)OC)c2ccc(F)cc2)c1Br)C(C)C,0.49533656,3.20165933859443
CCCCN(c1ncnc(NC(CC(=O)OC)c2ccc(F)cc2)c1Br)C(C)CC,0.8877299,3.476810413230476
COC(=O)CC(Nc1ncnc(NCCS(C)(=O)=O)c1Br)c1ccc(F)cc1,0.005904905,3.1163719542433608
COC(=O)CC(Nc1ncnc(N(C)Cc2c(F)cccc2Cl)c1Br)c1ccc(F)cc1,0.9997101,3.15314398358323
CCCN(Cc1cccc(Br)c1)c1ncnc(NC(CC(=O)OC)c2ccc(F)cc2)c1Br,0.9996516,3.1586215356723173
COC(=O)CC(Nc1ncnc(N(Cc2ccc(F)cc2)C2CCCCC2)c1Br)c1ccc(F)cc1,0.9856223,3.1686114873281435
O=c1oc2ccccc2c(Nc2ncnc(N3CCC4(CC3)OCCc3ccccc34)c2Br)c1[N+](=O)[O-],0.9999133,3.5835611226562376
CCOC(=O)c1sc(-c2cc([N+](=O)[O-])ccc2Nc2ncnc(Nc3c([N+](=O)[O-])c(=O)oc4ccccc34)c2Br)nc1C,0.99801654,3.20127346846407
COC(=O)CC(Nc1ncnc(Nc2c([N+](=O)[O-])c(=O)oc3ccccc23)c1Br)c1ccc(F)cc1,0.6426101,3.3488451004131266
O=c1oc2ccccc2c(Nc2ncnc(Nc3c([N+](=O)[O-])c(=O)oc4ccccc34)c2Br)c1[N+](=O)[O-],0.9999969,3.106395761187744
COCCN(c1ncnc(Nc2c([N+](=O)[O-])c(=O)oc3ccccc23)c1Br)C(C)C,0.9999624,2.9910662477520926
CCCCN(c1ncnc(Nc2c([N+](=O)[O-])c(=O)oc3ccccc23)c1Br)C(C)CC,0.9999902,3.433298545541434
CS(=O)(=O)CCNc1ncnc(Nc2c([N+](=O)[O-])c(=O)oc3ccccc23)c1Br,0.9532645,2.914175113828918
CN(Cc1c(F)cccc1Cl)c1ncnc(Nc2c([N+](=O)[O-])c(=O)oc3ccccc23)c1Br,0.9999994,2.9306686373713635
CCCN(Cc1cccc(Br)c1)c1ncnc(Nc2c([N+](=O)[O-])c(=O)oc3ccccc23)c1Br,0.9999987,2.9303786885768623
O=c1oc2ccccc2c(Nc2ncnc(N(Cc3ccc(F)cc3)C3CCCCC3)c2Br)c1[N+](=O)[O-],0.9994287,2.928580398901264
COCCN(c1ncnc(N2CCC3(CC2)OCCc2ccccc23)c1Br)C(C)C,0.9993455,3.4792864059831317
CCOC(=O)c1sc(-c2cc([N+](=O)[O-])ccc2Nc2ncnc(N(CCOC)C(C)C)c2Br)nc1C,0.9998027,3.0390396269458178
COCCN(c1ncnc(NC(CC(=O)OC)c2ccc(F)cc2)c1Br)C(C)C,0.49533656,3.20165933859443
COCCN(c1ncnc(Nc2c([N+](=O)[O-])c(=O)oc3ccccc23)c1Br)C(C)C,0.9999624,2.9910662477520926
COCCN(c1ncnc(N(CCOC)C(C)C)c1Br)C(C)C,0.99999523,2.9589228995247012
CCCCN(c1ncnc(N(CCOC)C(C)C)c1Br)C(C)CC,0.99555725,3.389364987335413
COCCN(c1ncnc(NCCS(C)(=O)=O)c1Br)C(C)C,0.7463168,2.8765011929103554
COCCN(c1ncnc(N(C)Cc2c(F)cccc2Cl)c1Br)C(C)C,0.9999982,2.8252485577193482
CCCN(Cc1cccc(Br)c1)c1ncnc(N(CCOC)C(C)C)c1Br,0.99999225,2.8085567310687907
COCCN(c1ncnc(N(Cc2ccc(F)cc2)C2CCCCC2)c1Br)C(C)C,0.9998055,2.7668358426929434
CCCCN(c1ncnc(N2CCC3(CC2)OCCc2ccccc23)c1Br)C(C)CC,0.9962416,3.919296535155894
CCCCN(c1ncnc(Nc2ccc([N+](=O)[O-])cc2-c2nc(C)c(C(=O)OCC)s2)c1Br)C(C)CC,0.99995744,3.4875439069417693
CCCCN(c1ncnc(NC(CC(=O)OC)c2ccc(F)cc2)c1Br)C(C)CC,0.8877299,3.476810413230476
CCCCN(c1ncnc(Nc2c([N+](=O)[O-])c(=O)oc3ccccc23)c1Br)C(C)CC,0.9999902,3.433298545541434
CCCCN(c1ncnc(N(CCOC)C(C)C)c1Br)C(C)CC,0.99555725,3.389364987335413
CCCCN(c1ncnc(N(CCCC)C(C)CC)c1Br)C(C)CC,0.94515127,3.6484711635260396
CCCCN(c1ncnc(NCCS(C)(=O)=O)c1Br)C(C)CC,0.32195404,3.308486020071853
CCCCN(c1ncnc(N(C)Cc2c(F)cccc2Cl)c1Br)C(C)CC,0.9999994,3.2674061637345106
CCCCN(c1ncnc(N(CCC)Cc2cccc(Br)c2)c1Br)C(C)CC,0.9999983,3.2530029232743285
CCCCN(c1ncnc(N(Cc2ccc(F)cc2)C2CCCCC2)c1Br)C(C)CC,0.99940556,3.2168370192770013
CS(=O)(=O)CCNc1ncnc(N2CCC3(CC2)OCCc2ccccc23)c1Br,0.30639577,3.4066469544424383
CCOC(=O)c1sc(-c2cc([N+](=O)[O-])ccc2Nc2ncnc(NCCS(C)(=O)=O)c2Br)nc1C,0.19341886,2.9641424281739415
COC(=O)CC(Nc1ncnc(NCCS(C)(=O)=O)c1Br)c1ccc(F)cc1,0.005904905,3.1163719542433608
CS(=O)(=O)CCNc1ncnc(Nc2c([N+](=O)[O-])c(=O)oc3ccccc23)c1Br,0.9532645,2.914175113828918
COCCN(c1ncnc(NCCS(C)(=O)=O)c1Br)C(C)C,0.7463168,2.8765011929103554
CCCCN(c1ncnc(NCCS(C)(=O)=O)c1Br)C(C)CC,0.32195404,3.308486020071853
CS(=O)(=O)CCNc1ncnc(NCCS(C)(=O)=O)c1Br,0.064036086,2.788650763289313
CN(Cc1c(F)cccc1Cl)c1ncnc(NCCS(C)(=O)=O)c1Br,0.7331829,2.739262548393837
CCCN(Cc1cccc(Br)c1)c1ncnc(NCCS(C)(=O)=O)c1Br,0.9886614,2.723487181771354
CS(=O)(=O)CCNc1ncnc(N(Cc2ccc(F)cc2)C2CCCCC2)c1Br,0.70871526,2.6828684862491805
CN(Cc1c(F)cccc1Cl)c1ncnc(N2CCC3(CC2)OCCc2ccccc23)c1Br,0.9999997,3.4169803916211228
CCOC(=O)c1sc(-c2cc([N+](=O)[O-])ccc2Nc2ncnc(N(C)Cc3c(F)cccc3Cl)c2Br)nc1C,0.99999934,3.0168627503643375
COC(=O)CC(Nc1ncnc(N(C)Cc2c(F)cccc2Cl)c1Br)c1ccc(F)cc1,0.9997101,3.15314398358323
CN(Cc1c(F)cccc1Cl)c1ncnc(Nc2c([N+](=O)[O-])c(=O)oc3ccccc23)c1Br,0.9999994,2.9306686373713635
COCCN(c1ncnc(N(C)Cc2c(F)cccc2Cl)c1Br)C(C)C,0.9999982,2.8252485577193482
CCCCN(c1ncnc(N(C)Cc2c(F)cccc2Cl)c1Br)C(C)CC,0.9999994,3.2674061637345106
CN(Cc1c(F)cccc1Cl)c1ncnc(NCCS(C)(=O)=O)c1Br,0.7331829,2.739262548393837
CN(Cc1c(F)cccc1Cl)c1ncnc(N(C)Cc2c(F)cccc2Cl)c1Br,1.0,2.743917613828918
CCCN(Cc1cccc(Br)c1)c1ncnc(N(C)Cc2c(F)cccc2Cl)c1Br,1.0,2.7411608459250036
CN(Cc1c(F)cccc1Cl)c1ncnc(N(Cc2ccc(F)cc2)C2CCCCC2)c1Br,0.99999934,2.731179343270462
CCCN(Cc1cccc(Br)c1)c1ncnc(N2CCC3(CC2)OCCc2ccccc23)c1Br,0.9999994,3.4148477997060125
CCCN(Cc1cccc(Br)c1)c1ncnc(Nc2ccc([N+](=O)[O-])cc2-c2nc(C)c(C(=O)OCC)s2)c1Br,0.99999917,3.0260858602568117
CCCN(Cc1cccc(Br)c1)c1ncnc(NC(CC(=O)OC)c2ccc(F)cc2)c1Br,0.9996516,3.1586215356723173
CCCN(Cc1cccc(Br)c1)c1ncnc(Nc2c([N+](=O)[O-])c(=O)oc3ccccc23)c1Br,0.9999987,2.9303786885768623
CCCN(Cc1cccc(Br)c1)c1ncnc(N(CCOC)C(C)C)c1Br,0.99999225,2.8085567310687907
CCCCN(c1ncnc(N(CCC)Cc2cccc(Br)c2)c1Br)C(C)CC,0.9999983,3.2530029232743285
CCCN(Cc1cccc(Br)c1)c1ncnc(NCCS(C)(=O)=O)c1Br,0.9886614,2.723487181771354
CCCN(Cc1cccc(Br)c1)c1ncnc(N(C)Cc2c(F)cccc2Cl)c1Br,1.0,2.7411608459250036
CCCN(Cc1cccc(Br)c1)c1ncnc(N(CCC)Cc2cccc(Br)c2)c1Br,1.0,2.7416788784275727
CCCN(Cc1cccc(Br)c1)c1ncnc(N(Cc2ccc(F)cc2)C2CCCCC2)c1Br,0.9999997,2.7396820343382444
Fc1ccc(CN(c2ncnc(N3CCC4(CC3)OCCc3ccccc34)c2Br)C2CCCCC2)cc1,0.99967355,3.4095323373456887
CCOC(=O)c1sc(-c2cc([N+](=O)[O-])ccc2Nc2ncnc(N(Cc3ccc(F)cc3)C3CCCCC3)c2Br)nc1C,0.99989176,3.0484510472787
COC(=O)CC(Nc1ncnc(N(Cc2ccc(F)cc2)C2CCCCC2)c1Br)c1ccc(F)cc1,0.9856223,3.1686114873281435
O=c1oc2ccccc2c(Nc2ncnc(N(Cc3ccc(F)cc3)C3CCCCC3)c2Br)c1[N+](=O)[O-],0.9994287,2.928580398901264
COCCN(c1ncnc(N(Cc2ccc(F)cc2)C2CCCCC2)c1Br)C(C)C,0.9998055,2.7668358426929434
CCCCN(c1ncnc(N(Cc2ccc(F)cc2)C2CCCCC2)c1Br)C(C)CC,0.99940556,3.2168370192770013
CS(=O)(=O)CCNc1ncnc(N(Cc2ccc(F)cc2)C2CCCCC2)c1Br,0.70871526,2.6828684862491805
CN(Cc1c(F)cccc1Cl)c1ncnc(N(Cc2ccc(F)cc2)C2CCCCC2)c1Br,0.99999934,2.731179343270462
CCCN(Cc1cccc(Br)c1)c1ncnc(N(Cc2ccc(F)cc2)C2CCCCC2)c1Br,0.9999997,2.7396820343382444
Fc1ccc(CN(c2ncnc(N(Cc3ccc(F)cc3)C3CCCCC3)c2Br)C2CCCCC2)cc1,0.9999903,2.7573507907735433
c1ccc2c(c1)CCOC21CCN(c2cc(N3CCC4(CC3)OCCc3ccccc34)n3nccc3n2)CC1,0.99821323,3.9470269925994526
CCOC(=O)c1sc(-c2cc([N+](=O)[O-])ccc2Nc2cc(N3CCC4(CC3)OCCc3ccccc34)nc3ccnn23)nc1C,0.018514695,3.721400316616868
COC(=O)CC(Nc1cc(N2CCC3(CC2)OCCc2ccccc23)nc2ccnn12)c1ccc(F)cc1,0.12298001,3.8754759964594303
O=c1oc2ccccc2c(Nc2cc(N3CCC4(CC3)OCCc3ccccc34)nc3ccnn23)c1[N+](=O)[O-],0.88851416,3.623613122228366
COCCN(c1cc(N2CCC3(CC2)OCCc2ccccc23)nc2ccnn12)C(C)C,0.7867121,3.5701993046304317
CCCCN(c1cc(N2CCC3(CC2)OCCc2ccccc23)nc2ccnn12)C(C)CC,0.993254,4.002471225698377
CS(=O)(=O)CCNc1cc(N2CCC3(CC2)OCCc2ccccc23)nc2ccnn12,0.02089269,3.4429606206756027
CN(Cc1c(F)cccc1Cl)c1cc(N2CCC3(CC2)OCCc2ccccc23)nc2ccnn12,0.99635696,3.4917786721702244
CCCN(Cc1cccc(Br)c1)c1cc(N2CCC3(CC2)OCCc2ccccc23)nc2ccnn12,0.9941753,3.4897879017179294
Fc1ccc(CN(c2cc(N3CCC4(CC3)OCCc3ccccc34)nc3ccnn23)C2CCCCC2)cc1,0.9013094,3.5146259450679587
CCOC(=O)c1sc(-c2cc([N+](=O)[O-])ccc2Nc2cc(N3CCC4(CC3)OCCc3ccccc34)n3nccc3n2)nc1C,0.060776353,3.7345254053742636
CCOC(=O)c1sc(-c2cc([N+](=O)[O-])ccc2Nc2cc(Nc3ccc([N+](=O)[O-])cc3-c3nc(C)c(C(=O)OCC)s3)n3nccc3n2)nc1C,0.008260692,3.390481183073229
CCOC(=O)c1sc(-c2cc([N+](=O)[O-])ccc2Nc2cc(NC(CC(=O)OC)c3ccc(F)cc3)n3nccc3n2)nc1C,0.09072095,3.5229053170990294
CCOC(=O)c1sc(-c2cc([N+](=O)[O-])ccc2Nc2cc(Nc3c([N+](=O)[O-])c(=O)oc4ccccc34)n3nccc3n2)nc1C,0.07743047,3.2616763390209025
CCOC(=O)c1sc(-c2cc([N+](=O)[O-])ccc2Nc2cc(N(CCOC)C(C)C)n3nccc3n2)nc1C,0.04820843,3.154977911734429
CCCCN(c1cc(Nc2ccc([N+](=O)[O-])cc2-c2nc(C)c(C(=O)OCC)s2)nc2ccnn12)C(C)CC,0.39044642,3.595565244948716
CCOC(=O)c1sc(-c2cc([N+](=O)[O-])ccc2Nc2cc(NCCS(C)(=O)=O)n3nccc3n2)nc1C,0.0056294138,3.029064009593557
CCOC(=O)c1sc(-c2cc([N+](=O)[O-])ccc2Nc2cc(N(C)Cc3c(F)cccc3Cl)n3nccc3n2)nc1C,0.7643776,3.114473310871471
CCCN(Cc1cccc(Br)c1)c1cc(Nc2ccc([N+](=O)[O-])cc2-c2nc(C)c(C(=O)OCC)s2)nc2ccnn12,0.96415865,3.122518313935748
CCOC(=O)c1sc(-c2cc([N+](=O)[O-])ccc2Nc2cc(N(Cc3ccc(F)cc3)C3CCCCC3)n3nccc3n2)nc1C,0.7731537,3.1691376915486176
COC(=O)CC(Nc1cc(N2CCC3(CC2)OCCc2ccccc23)n2nccc2n1)c1ccc(F)cc1,0.20526937,3.894740861324294
CCOC(=O)c1sc(-c2cc([N+](=O)[O-])ccc2Nc2cc(NC(CC(=O)OC)c3ccc(F)cc3)nc3ccnn23)nc1C,0.054920748,3.5263903046920815
COC(=O)CC(Nc1cc(NC(CC(=O)OC)c2ccc(F)cc2)n2nccc2n1)c1ccc(F)cc1,0.13654459,3.47769494566011
COC(=O)CC(Nc1cc(Nc2c([N+](=O)[O-])c(=O)oc3ccccc23)n2nccc2n1)c1ccc(F)cc1,0.13604878,3.411337755754902
COCCN(c1cc(NC(CC(=O)OC)c2ccc(F)cc2)nc2ccnn12)C(C)C,0.41347244,3.3325054482618093
CCCCN(c1cc(NC(CC(=O)OC)c2ccc(F)cc2)nc2ccnn12)C(C)CC,0.9714386,3.597389633546239
COC(=O)CC(Nc1cc(NCCS(C)(=O)=O)n2nccc2n1)c1ccc(F)cc1,0.008249062,3.186291938822386
COC(=O)CC(Nc1cc(N(C)Cc2c(F)cccc2Cl)n2nccc2n1)c1ccc(F)cc1,0.76841265,3.2619851248808374
CCCN(Cc1cccc(Br)c1)c1cc(NC(CC(=O)OC)c2ccc(F)cc2)nc2ccnn12,0.83410555,3.2656742106317633
COC(=O)CC(Nc1cc(N(Cc2ccc(F)cc2)C2CCCCC2)n2nccc2n1)c1ccc(F)cc1,0.5048857,3.3034622545894
O=c1oc2ccccc2c(Nc2cc(N3CCC4(CC3)OCCc3ccccc34)n3nccc3n2)c1[N+](=O)[O-],0.7557041,3.6332811384226975
CCOC(=O)c1sc(-c2cc([N+](=O)[O-])ccc2Nc2cc(Nc3c([N+](=O)[O-])c(=O)oc4ccccc34)nc3ccnn23)nc1C,0.034904312,3.2569195855381654
COC(=O)CC(Nc1cc(Nc2c([N+](=O)[O-])c(=O)oc3ccccc23)nc2ccnn12)c1ccc(F)cc1,0.09801126,3.401742883960029
O=c1oc2ccccc2c(Nc2cc(Nc3c([N+](=O)[O-])c(=O)oc4ccccc34)n3nccc3n2)c1[N+](=O)[O-],0.9642068,3.1549966034481907
COCCN(c1cc(Nc2c([N+](=O)[O-])c(=O)oc3ccccc23)nc2ccnn12)C(C)C,0.70160323,3.0998048193190133
CCCCN(c1cc(Nc2c([N+](=O)[O-])c(=O)oc3ccccc23)nc2ccnn12)C(C)CC,0.93302745,3.533292503414252
CS(=O)(=O)CCNc1cc(Nc2c([N+](=O)[O-])c(=O)oc3ccccc23)nc2ccnn12,0.01313543,2.962614048429984
CN(Cc1c(F)cccc1Cl)c1cc(Nc2c([N+](=O)[O-])c(=O)oc3ccccc23)nc2ccnn12,0.9934603,3.021009167684433
CCCN(Cc1cccc(Br)c1)c1cc(Nc2c([N+](=O)[O-])c(=O)oc3ccccc23)nc2ccnn12,0.9890102,3.0201243984849597
O=c1oc2ccccc2c(Nc2cc(N(Cc3ccc(F)cc3)C3CCCCC3)n3nccc3n2)c1[N+](=O)[O-],0.9032222,3.0477211007160516
COCCN(c1cc(N2CCC3(CC2)OCCc2ccccc23)n2nccc2n1)C(C)C,0.8472036,3.572192853017528
CCOC(=O)c1sc(-c2cc([N+](=O)[O-])ccc2Nc2cc(N(CCOC)C(C)C)nc3ccnn23)nc1C,0.12978163,3.1301946025907412
COCCN(c1cc(NC(CC(=O)OC)c2ccc(F)cc2)n2nccc2n1)C(C)C,0.93389237,3.297342583540324
COCCN(c1cc(Nc2c([N+](=O)[O-])c(=O)oc3ccccc23)n2nccc2n1)C(C)C,0.83715695,3.0773278962420907
COCCN(c1cc(N(CCOC)C(C)C)n2nccc2n1)C(C)C,0.84544635,3.1207181258087484
CCCCN(c1cc(N(CCOC)C(C)C)nc2ccnn12)C(C)CC,0.9965253,3.538467175767634
COCCN(c1cc(NCCS(C)(=O)=O)n2nccc2n1)C(C)C,0.07101883,2.970687349444564
COCCN(c1cc(N(C)Cc2c(F)cccc2Cl)n2nccc2n1)C(C)C,0.6594349,2.963255473656746
CCCN(Cc1cccc(Br)c1)c1cc(N(CCOC)C(C)C)nc2ccnn12,0.996434,2.9445894993823885
COCCN(c1cc(N(Cc2ccc(F)cc2)C2CCCCC2)n2nccc2n1)C(C)C,0.46530145,2.9362906721618227
CCCCN(c1cc(N2CCC3(CC2)OCCc2ccccc23)n2nccc2n1)C(C)CC,0.9969693,4.014228918006069
CCCCN(c1cc(Nc2ccc([N+](=O)[O-])cc2-c2nc(C)c(C(=O)OCC)s2)n2nccc2n1)C(C)CC,0.9315825,3.58011852652952
CCCCN(c1cc(NC(CC(=O)OC)c2ccc(F)cc2)n2nccc2n1)C(C)CC,0.53203994,3.573880402777009
CCCCN(c1cc(Nc2c([N+](=O)[O-])c(=O)oc3ccccc23)n2nccc2n1)C(C)CC,0.98847616,3.521684066689687
CCCCN(c1cc(N(CCOC)C(C)C)n2nccc2n1)C(C)CC,0.98440075,3.551569098844558
CCCCN(c1cc(N(CCCC)C(C)CC)n2nccc2n1)C(C)CC,0.9996502,3.798370160680631
CCCCN(c1cc(NCCS(C)(=O)=O)n2nccc2n1)C(C)CC,0.8845945,3.405823872313392
CCCCN(c1cc(N(C)Cc2c(F)cccc2Cl)n2nccc2n1)C(C)CC,0.9971318,3.4057816676542583
CCCCN(c1cc(N(CCC)Cc2cccc(Br)c2)n2nccc2n1)C(C)CC,0.999351,3.3893141172322103
CCCCN(c1cc(N(Cc2ccc(F)cc2)C2CCCCC2)n2nccc2n1)C(C)CC,0.87739116,3.3851808774510825
CS(=O)(=O)CCNc1cc(N2CCC3(CC2)OCCc2ccccc23)n2nccc2n1,0.5433038,3.4661544668294493
CCOC(=O)c1sc(-c2cc([N+](=O)[O-])ccc2Nc2cc(NCCS(C)(=O)=O)nc3ccnn23)nc1C,0.0031495374,3.0327648311021465
COC(=O)CC(Nc1cc(NCCS(C)(=O)=O)nc2ccnn12)c1ccc(F)cc1,0.024205638,3.1856853454157914
CS(=O)(=O)CCNc1cc(Nc2c([N+](=O)[O-])c(=O)oc3ccccc23)n2nccc2n1,0.060810264,2.9739392473689765
COCCN(c1cc(NCCS(C)(=O)=O)nc2ccnn12)C(C)C,0.9260928,3.016266370423585
CCCCN(c1cc(NCCS(C)(=O)=O)nc2ccnn12)C(C)CC,0.97362196,3.435749624821754
CS(=O)(=O)CCNc1cc(NCCS(C)(=O)=O)n2nccc2n1,0.06025426,2.848302410336471
CN(Cc1c(F)cccc1Cl)c1cc(NCCS(C)(=O)=O)nc2ccnn12,0.29366773,2.8571105772226364
CCCN(Cc1cccc(Br)c1)c1cc(NCCS(C)(=O)=O)nc2ccnn12,0.9603764,2.8401742437863238
CS(=O)(=O)CCNc1cc(N(Cc2ccc(F)cc2)C2CCCCC2)n2nccc2n1,0.374474,2.8360755272843345
CN(Cc1c(F)cccc1Cl)c1cc(N2CCC3(CC2)OCCc2ccccc23)n2nccc2n1,0.9997453,3.5160135137991855
CCOC(=O)c1sc(-c2cc([N+](=O)[O-])ccc2Nc2cc(N(C)Cc3c(F)cccc3Cl)nc3ccnn23)nc1C,0.7029224,3.1115126419751515
COC(=O)CC(Nc1cc(N(C)Cc2c(F)cccc2Cl)nc2ccnn12)c1ccc(F)cc1,0.9491663,3.253937047957762
CN(Cc1c(F)cccc1Cl)c1cc(Nc2c([N+](=O)[O-])c(=O)oc3ccccc23)n2nccc2n1,0.9948626,3.0236721047473702
COCCN(c1cc(N(C)Cc2c(F)cccc2Cl)nc2ccnn12)C(C)C,0.6219464,2.9925702665561538
CCCCN(c1cc(N(C)Cc2c(F)cccc2Cl)nc2ccnn12)C(C)CC,0.9985187,3.4223645736371644
CN(Cc1c(F)cccc1Cl)c1cc(NCCS(C)(=O)=O)n2nccc2n1,0.32840455,2.8474884233764826
CN(Cc1c(F)cccc1Cl)c1cc(N(C)Cc2c(F)cccc2Cl)n2nccc2n1,0.9999887,2.885495746042716
CCCN(Cc1cccc(Br)c1)c1cc(N(C)Cc2c(F)cccc2Cl)nc2ccnn12,0.9999884,2.8798555716436116
CN(Cc1c(F)cccc1Cl)c1cc(N(Cc2ccc(F)cc2)C2CCCCC2)n2nccc2n1,0.9694811,2.898140414655284
CCCN(Cc1cccc(Br)c1)c1cc(N2CCC3(CC2)OCCc2ccccc23)n2nccc2n1,0.9985601,3.5030501658688724
CCCN(Cc1cccc(Br)c1)c1cc(Nc2ccc([N+](=O)[O-])cc2-c2nc(C)c(C(=O)OCC)s2)n2nccc2n1,0.26323885,3.110697887303557
CCCN(Cc1cccc(Br)c1)c1cc(NC(CC(=O)OC)c2ccc(F)cc2)n2nccc2n1,0.9947113,3.2472865183240724
CCCN(Cc1cccc(Br)c1)c1cc(Nc2c([N+](=O)[O-])c(=O)oc3ccccc23)n2nccc2n1,0.9922044,3.0123329123012414
CCCN(Cc1cccc(Br)c1)c1cc(N(CCOC)C(C)C)n2nccc2n1,0.985721,2.959472426211656
CCCCN(c1cc(N(CCC)Cc2cccc(Br)c2)nc2ccnn12)C(C)CC,0.99874586,3.392573664743522
CCCN(Cc1cccc(Br)c1)c1cc(NCCS(C)(=O)=O)n2nccc2n1,0.33925217,2.817543669297521
CCCN(Cc1cccc(Br)c1)c1cc(N(C)Cc2c(F)cccc2Cl)n2nccc2n1,0.99998724,2.8681395953122504
CCCN(Cc1cccc(Br)c1)c1cc(N(CCC)Cc2cccc(Br)c2)n2nccc2n1,0.99999356,2.8663108429689714
CCCN(Cc1cccc(Br)c1)c1cc(N(Cc2ccc(F)cc2)C2CCCCC2)n2nccc2n1,0.97829396,2.892408538034731
Fc1ccc(CN(c2cc(N3CCC4(CC3)OCCc3ccccc34)n3nccc3n2)C2CCCCC2)cc1,0.5298232,3.5108063164207426
CCOC(=O)c1sc(-c2cc([N+](=O)[O-])ccc2Nc2cc(N(Cc3ccc(F)cc3)C3CCCCC3)nc3ccnn23)nc1C,0.7141352,3.1439011978097975
COC(=O)CC(Nc1cc(N(Cc2ccc(F)cc2)C2CCCCC2)nc2ccnn12)c1ccc(F)cc1,0.82432365,3.2699381986453453
O=c1oc2ccccc2c(Nc2cc(N(Cc3ccc(F)cc3)C3CCCCC3)nc3ccnn23)c1[N+](=O)[O-],0.4689238,3.024257383901891
COCCN(c1cc(N(Cc2ccc(F)cc2)C2CCCCC2)nc2ccnn12)C(C)C,0.50208426,2.9294594012588124
CCCCN(c1cc(N(Cc2ccc(F)cc2)C2CCCCC2)nc2ccnn12)C(C)CC,0.863768,3.368635452349868
CS(=O)(=O)CCNc1cc(N(Cc2ccc(F)cc2)C2CCCCC2)nc2ccnn12,0.070070334,2.7952138159619473
CN(Cc1c(F)cccc1Cl)c1cc(N(Cc2ccc(F)cc2)C2CCCCC2)nc2ccnn12,0.94039243,2.8692787238708206
CCCN(Cc1cccc(Br)c1)c1cc(N(Cc2ccc(F)cc2)C2CCCCC2)nc2ccnn12,0.9907865,2.8748001863863806
Fc1ccc(CN(c2cc(N(Cc3ccc(F)cc3)C3CCCCC3)n3nccc3n2)C2CCCCC2)cc1,0.97797793,2.9162426054368016
Cc1nc(N2CCC3(CC2)OCCc2ccccc23)cc(N2CCC3(CC2)OCCc2ccccc23)n1,0.99993354,3.7362280525532157
CCOC(=O)c1sc(-c2cc([N+](=O)[O-])ccc2Nc2cc(N3CCC4(CC3)OCCc3ccccc34)nc(C)n2)nc1C,0.99830025,3.552743556268984
COC(=O)CC(Nc1cc(N2CCC3(CC2)OCCc2ccccc23)nc(C)n1)c1ccc(F)cc1,0.96182096,3.6927616240830856
Cc1nc(Nc2c([N+](=O)[O-])c(=O)oc3ccccc23)cc(N2CCC3(CC2)OCCc2ccccc23)n1,0.9997122,3.4428104396943393
COCCN(c1cc(N2CCC3(CC2)OCCc2ccccc23)nc(C)n1)C(C)C,0.9994406,3.347121647485814
CCCCN(c1cc(N2CCC3(CC2)OCCc2ccccc23)nc(C)n1)C(C)CC,0.99931425,3.7937212542570187
Cc1nc(NCCS(C)(=O)=O)cc(N2CCC3(CC2)OCCc2ccccc23)n1,0.99790466,3.250135369641697
Cc1nc(N(C)Cc2c(F)cccc2Cl)cc(N2CCC3(CC2)OCCc2ccccc23)n1,0.9999798,3.2939609584227423
CCCN(Cc1cccc(Br)c1)c1cc(N2CCC3(CC2)OCCc2ccccc23)nc(C)n1,0.9999961,3.2838212262794384
Cc1nc(N2CCC3(CC2)OCCc2ccccc23)cc(N(Cc2ccc(F)cc2)C2CCCCC2)n1,0.9999408,3.2989371362165443
CCOC(=O)c1sc(-c2cc([N+](=O)[O-])ccc2Nc2cc(N3CCC4(CC3)OCCc3ccccc34)nc(C)n2)nc1C,0.99830025,3.552743556268984
CCOC(=O)c1sc(-c2cc([N+](=O)[O-])ccc2Nc2cc(Nc3ccc([N+](=O)[O-])cc3-c3nc(C)c(C(=O)OCC)s3)nc(C)n2)nc1C,0.98479253,3.2353004971210053
CCOC(=O)c1sc(-c2cc([N+](=O)[O-])ccc2Nc2cc(NC(CC(=O)OC)c3ccc(F)cc3)nc(C)n2)nc1C,0.10490633,3.356774445369253
CCOC(=O)c1sc(-c2cc([N+](=O)[O-])ccc2Nc2cc(Nc3c([N+](=O)[O-])c(=O)oc4ccccc34)nc(C)n2)nc1C,0.80230933,3.096186930002533
CCOC(=O)c1sc(-c2cc([N+](=O)[O-])ccc2Nc2cc(N(CCOC)C(C)C)nc(C)n2)nc1C,0.9773605,2.936263403169594
CCCCN(c1cc(Nc2ccc([N+](=O)[O-])cc2-c2nc(C)c(C(=O)OCC)s2)nc(C)n1)C(C)CC,0.99930733,3.3896529567155254
CCOC(=O)c1sc(-c2cc([N+](=O)[O-])ccc2Nc2cc(NCCS(C)(=O)=O)nc(C)n2)nc1C,0.060467727,2.8543453127893272
CCOC(=O)c1sc(-c2cc([N+](=O)[O-])ccc2Nc2cc(N(C)Cc3c(F)cccc3Cl)nc(C)n2)nc1C,0.9998756,2.919681981133568
CCCN(Cc1cccc(Br)c1)c1cc(Nc2ccc([N+](=O)[O-])cc2-c2nc(C)c(C(=O)OCC)s2)nc(C)n1,0.9998974,2.920904541575494
CCOC(=O)c1sc(-c2cc([N+](=O)[O-])ccc2Nc2cc(N(Cc3ccc(F)cc3)C3CCCCC3)nc(C)n2)nc1C,0.9995309,2.9594055239495702
COC(=O)CC(Nc1cc(N2CCC3(CC2)OCCc2ccccc23)nc(C)n1)c1ccc(F)cc1,0.96182096,3.6927616240830856
CCOC(=O)c1sc(-c2cc([N+](=O)[O-])ccc2Nc2cc(NC(CC(=O)OC)c3ccc(F)cc3)nc(C)n2)nc1C,0.10490633,3.356774445369253
COC(=O)CC(Nc1cc(NC(CC(=O)OC)c2ccc(F)cc2)nc(C)n1)c1ccc(F)cc1,0.42897102,3.2906097404388444
COC(=O)CC(Nc1cc(Nc2c([N+](=O)[O-])c(=O)oc3ccccc23)nc(C)n1)c1ccc(F)cc1,0.06287727,3.2273115132082513
COCCN(c1cc(NC(CC(=O)OC)c2ccc(F)cc2)nc(C)n1)C(C)C,0.99183524,3.078667415517506
CCCCN(c1cc(NC(CC(=O)OC)c2ccc(F)cc2)nc(C)n1)C(C)CC,0.9953502,3.3605527672619857
COC(=O)CC(Nc1cc(NCCS(C)(=O)=O)nc(C)n1)c1ccc(F)cc1,0.0050341766,2.9838390871104927
COC(=O)CC(Nc1cc(N(C)Cc2c(F)cccc2Cl)nc(C)n1)c1ccc(F)cc1,0.99806863,3.03898633449075
CCCN(Cc1cccc(Br)c1)c1cc(NC(CC(=O)OC)c2ccc(F)cc2)nc(C)n1,0.99904215,3.0355590046549494
COC(=O)CC(Nc1cc(N(Cc2ccc(F)cc2)C2CCCCC2)nc(C)n1)c1ccc(F)cc1,0.99560815,3.0663972976343414
Cc1nc(Nc2c([N+](=O)[O-])c(=O)oc3ccccc23)cc(N2CCC3(CC2)OCCc2ccccc23)n1,0.9997122,3.4428104396943393
CCOC(=O)c1sc(-c2cc([N+](=O)[O-])ccc2Nc2cc(Nc3c([N+](=O)[O-])c(=O)oc4ccccc34)nc(C)n2)nc1C,0.80230933,3.096186930002533
COC(=O)CC(Nc1cc(Nc2c([N+](=O)[O-])c(=O)oc3ccccc23)nc(C)n1)c1ccc(F)cc1,0.06287727,3.2273115132082513
Cc1nc(Nc2c([N+](=O)[O-])c(=O)oc3ccccc23)cc(Nc2c([N+](=O)[O-])c(=O)oc3ccccc23)n1,0.99975896,2.9826484239096374
COCCN(c1cc(Nc2c([N+](=O)[O-])c(=O)oc3ccccc23)nc(C)n1)C(C)C,0.99855363,2.8653531800968572
CCCCN(c1cc(Nc2c([N+](=O)[O-])c(=O)oc3ccccc23)nc(C)n1)C(C)CC,0.9997737,3.3141797619993953
Cc1nc(NCCS(C)(=O)=O)cc(Nc2c([N+](=O)[O-])c(=O)oc3ccccc23)n1,0.6072719,2.7791768445981493
Cc1nc(Nc2c([N+](=O)[O-])c(=O)oc3ccccc23)cc(N(C)Cc2c(F)cccc2Cl)n1,0.99976933,2.8137679684750427
CCCN(Cc1cccc(Br)c1)c1cc(Nc2c([N+](=O)[O-])c(=O)oc3ccccc23)nc(C)n1,0.9990969,2.804965707807632
Cc1nc(Nc2c([N+](=O)[O-])c(=O)oc3ccccc23)cc(N(Cc2ccc(F)cc2)C2CCCCC2)n1,0.864008,2.8236474526022803
COCCN(c1cc(N2CCC3(CC2)OCCc2ccccc23)nc(C)n1)C(C)C,0.9994406,3.347121647485814
CCOC(=O)c1sc(-c2cc([N+](=O)[O-])ccc2Nc2cc(N(CCOC)C(C)C)nc(C)n2)nc1C,0.9773605,2.936263403169594
COCCN(c1cc(NC(CC(=O)OC)c2ccc(F)cc2)nc(C)n1)C(C)C,0.99183524,3.078667415517506
COCCN(c1cc(Nc2c([N+](=O)[O-])c(=O)oc3ccccc23)nc(C)n1)C(C)C,0.99855363,2.8653531800968572
COCCN(c1cc(N(CCOC)C(C)C)nc(C)n1)C(C)C,0.999026,2.850277490095422
CCCCN(c1cc(N(CCOC)C(C)C)nc(C)n1)C(C)CC,0.99952865,3.2886565849685496
COCCN(c1cc(NCCS(C)(=O)=O)nc(C)n1)C(C)C,0.97598267,2.7347330051658965
COCCN(c1cc(N(C)Cc2c(F)cccc2Cl)nc(C)n1)C(C)C,0.974896,2.7258585252166405
CCCN(Cc1cccc(Br)c1)c1cc(N(CCOC)C(C)C)nc(C)n1,0.99824303,2.6973370387610984
COCCN(c1cc(N(Cc2ccc(F)cc2)C2CCCCC2)nc(C)n1)C(C)C,0.9997414,2.6794861594350223
CCCCN(c1cc(N2CCC3(CC2)OCCc2ccccc23)nc(C)n1)C(C)CC,0.99931425,3.7937212542570187
CCCCN(c1cc(Nc2ccc([N+](=O)[O-])cc2-c2nc(C)c(C(=O)OCC)s2)nc(C)n1)C(C)CC,0.99930733,3.3896529567155254
CCCCN(c1cc(NC(CC(=O)OC)c2ccc(F)cc2)nc(C)n1)C(C)CC,0.9953502,3.3605527672619857
CCCCN(c1cc(Nc2c([N+](=O)[O-])c(=O)oc3ccccc23)nc(C)n1)C(C)CC,0.9997737,3.3141797619993953
CCCCN(c1cc(N(CCOC)C(C)C)nc(C)n1)C(C)CC,0.99952865,3.2886565849685496
CCCCN(c1cc(N(CCCC)C(C)CC)nc(C)n1)C(C)CC,0.9998792,3.5549994440690256
CCCCN(c1cc(NCCS(C)(=O)=O)nc(C)n1)C(C)CC,0.9931535,3.1766416031984033
CCCCN(c1cc(N(C)Cc2c(F)cccc2Cl)nc(C)n1)C(C)CC,0.9999775,3.174612608640956
CCCCN(c1cc(N(CCC)Cc2cccc(Br)c2)nc(C)n1)C(C)CC,0.99992704,3.148496414398588
CCCCN(c1cc(N(Cc2ccc(F)cc2)C2CCCCC2)nc(C)n1)C(C)CC,0.9998454,3.1346239073888897
Cc1nc(NCCS(C)(=O)=O)cc(N2CCC3(CC2)OCCc2ccccc23)n1,0.99790466,3.250135369641697
CCOC(=O)c1sc(-c2cc([N+](=O)[O-])ccc2Nc2cc(NCCS(C)(=O)=O)nc(C)n2)nc1C,0.060467727,2.8543453127893272
COC(=O)CC(Nc1cc(NCCS(C)(=O)=O)nc(C)n1)c1ccc(F)cc1,0.0050341766,2.9838390871104927
Cc1nc(NCCS(C)(=O)=O)cc(Nc2c([N+](=O)[O-])c(=O)oc3ccccc23)n1,0.6072719,2.7791768445981493
COCCN(c1cc(NCCS(C)(=O)=O)nc(C)n1)C(C)C,0.97598267,2.7347330051658965
CCCCN(c1cc(NCCS(C)(=O)=O)nc(C)n1)C(C)CC,0.9931535,3.1766416031984033
Cc1nc(NCCS(C)(=O)=O)cc(NCCS(C)(=O)=O)n1,0.68667334,2.6327579061464554
Cc1nc(NCCS(C)(=O)=O)cc(N(C)Cc2c(F)cccc2Cl)n1,0.98451245,2.6115419601585437
CCCN(Cc1cccc(Br)c1)c1cc(NCCS(C)(=O)=O)nc(C)n1,0.9987526,2.585017951002122
Cc1nc(NCCS(C)(=O)=O)cc(N(Cc2ccc(F)cc2)C2CCCCC2)n1,0.99678856,2.572465671990269
Cc1nc(N(C)Cc2c(F)cccc2Cl)cc(N2CCC3(CC2)OCCc2ccccc23)n1,0.9999798,3.2939609584227423
CCOC(=O)c1sc(-c2cc([N+](=O)[O-])ccc2Nc2cc(N(C)Cc3c(F)cccc3Cl)nc(C)n2)nc1C,0.9998756,2.919681981133568
COC(=O)CC(Nc1cc(N(C)Cc2c(F)cccc2Cl)nc(C)n1)c1ccc(F)cc1,0.99806863,3.03898633449075
Cc1nc(Nc2c([N+](=O)[O-])c(=O)oc3ccccc23)cc(N(C)Cc2c(F)cccc2Cl)n1,0.99976933,2.8137679684750427
COCCN(c1cc(N(C)Cc2c(F)cccc2Cl)nc(C)n1)C(C)C,0.974896,2.7258585252166405
CCCCN(c1cc(N(C)Cc2c(F)cccc2Cl)nc(C)n1)C(C)CC,0.9999775,3.174612608640956
Cc1nc(NCCS(C)(=O)=O)cc(N(C)Cc2c(F)cccc2Cl)n1,0.98451245,2.6115419601585437
Cc1nc(N(C)Cc2c(F)cccc2Cl)cc(N(C)Cc2c(F)cccc2Cl)n1,0.9999999,2.6517004984443027
CCCN(Cc1cccc(Br)c1)c1cc(N(C)Cc2c(F)cccc2Cl)nc(C)n1,0.99999976,2.638039966804124
Cc1nc(N(C)Cc2c(F)cccc2Cl)cc(N(Cc2ccc(F)cc2)C2CCCCC2)n1,0.9998375,2.648781470930034
CCCN(Cc1cccc(Br)c1)c1cc(N2CCC3(CC2)OCCc2ccccc23)nc(C)n1,0.9999961,3.2838212262794384
CCCN(Cc1cccc(Br)c1)c1cc(Nc2ccc([N+](=O)[O-])cc2-c2nc(C)c(C(=O)OCC)s2)nc(C)n1,0.9998974,2.920904541575494
CCCN(Cc1cccc(Br)c1)c1cc(NC(CC(=O)OC)c2ccc(F)cc2)nc(C)n1,0.99904215,3.0355590046549494
CCCN(Cc1cccc(Br)c1)c1cc(Nc2c([N+](=O)[O-])c(=O)oc3ccccc23)nc(C)n1,0.9990969,2.804965707807632
CCCN(Cc1cccc(Br)c1)c1cc(N(CCOC)C(C)C)nc(C)n1,0.99824303,2.6973370387610984
CCCCN(c1cc(N(CCC)Cc2cccc(Br)c2)nc(C)n1)C(C)CC,0.99992704,3.148496414398588
CCCN(Cc1cccc(Br)c1)c1cc(NCCS(C)(=O)=O)nc(C)n1,0.9987526,2.585017951002122
CCCN(Cc1cccc(Br)c1)c1cc(N(C)Cc2c(F)cccc2Cl)nc(C)n1,0.99999976,2.638039966804124
CCCN(Cc1cccc(Br)c1)c1cc(N(CCC)Cc2cccc(Br)c2)nc(C)n1,1.0,2.628645486819181
CCCN(Cc1cccc(Br)c1)c1cc(N(Cc2ccc(F)cc2)C2CCCCC2)nc(C)n1,0.99998426,2.647537293364932
Cc1nc(N2CCC3(CC2)OCCc2ccccc23)cc(N(Cc2ccc(F)cc2)C2CCCCC2)n1,0.9999408,3.2989371362165443
CCOC(=O)c1sc(-c2cc([N+](=O)[O-])ccc2Nc2cc(N(Cc3ccc(F)cc3)C3CCCCC3)nc(C)n2)nc1C,0.9995309,2.9594055239495702
COC(=O)CC(Nc1cc(N(Cc2ccc(F)cc2)C2CCCCC2)nc(C)n1)c1ccc(F)cc1,0.99560815,3.0663972976343414
Cc1nc(Nc2c([N+](=O)[O-])c(=O)oc3ccccc23)cc(N(Cc2ccc(F)cc2)C2CCCCC2)n1,0.864008,2.8236474526022803
COCCN(c1cc(N(Cc2ccc(F)cc2)C2CCCCC2)nc(C)n1)C(C)C,0.9997414,2.6794861594350223
CCCCN(c1cc(N(Cc2ccc(F)cc2)C2CCCCC2)nc(C)n1)C(C)CC,0.9998454,3.1346239073888897
Cc1nc(NCCS(C)(=O)=O)cc(N(Cc2ccc(F)cc2)C2CCCCC2)n1,0.99678856,2.572465671990269
Cc1nc(N(C)Cc2c(F)cccc2Cl)cc(N(Cc2ccc(F)cc2)C2CCCCC2)n1,0.9998375,2.648781470930034
CCCN(Cc1cccc(Br)c1)c1cc(N(Cc2ccc(F)cc2)C2CCCCC2)nc(C)n1,0.99998426,2.647537293364932
Cc1nc(N(Cc2ccc(F)cc2)C2CCCCC2)cc(N(Cc2ccc(F)cc2)C2CCCCC2)n1,0.9999975,2.682226431799185
c1ccc(-c2nc(N3CCC4(CC3)OCCc3ccccc34)cc(N3CCC4(CC3)OCCc3ccccc34)n2)cc1,0.99842614,3.715061835338151
CCOC(=O)c1sc(-c2cc([N+](=O)[O-])ccc2Nc2cc(N3CCC4(CC3)OCCc3ccccc34)nc(-c3ccccc3)n2)nc1C,0.48548007,3.571094061496037
COC(=O)CC(Nc1cc(N2CCC3(CC2)OCCc2ccccc23)nc(-c2ccccc2)n1)c1ccc(F)cc1,0.54977393,3.687739636656679
O=c1oc2ccccc2c(Nc2cc(N3CCC4(CC3)OCCc3ccccc34)nc(-c3ccccc3)n2)c1[N+](=O)[O-],0.98387647,3.4252709095054925
COCCN(c1cc(N2CCC3(CC2)OCCc2ccccc23)nc(-c2ccccc2)n1)C(C)C,0.96195126,3.272215323753935
CCCCN(c1cc(N2CCC3(CC2)OCCc2ccccc23)nc(-c2ccccc2)n1)C(C)CC,0.99070185,3.7266788556976245
CS(=O)(=O)CCNc1cc(N2CCC3(CC2)OCCc2ccccc23)nc(-c2ccccc2)n1,0.5340228,3.1711191283773417
CN(Cc1c(F)cccc1Cl)c1cc(N2CCC3(CC2)OCCc2ccccc23)nc(-c2ccccc2)n1,0.9999869,3.2620947550619004
CCCN(Cc1cccc(Br)c1)c1cc(N2CCC3(CC2)OCCc2ccccc23)nc(-c2ccccc2)n1,0.9999848,3.265413101105324
Fc1ccc(CN(c2cc(N3CCC4(CC3)OCCc3ccccc34)nc(-c3ccccc3)n2)C2CCCCC2)cc1,0.9880882,3.3080185447775374
CCOC(=O)c1sc(-c2cc([N+](=O)[O-])ccc2Nc2cc(N3CCC4(CC3)OCCc3ccccc34)nc(-c3ccccc3)n2)nc1C,0.48548007,3.571094061496037
CCOC(=O)c1sc(-c2cc([N+](=O)[O-])ccc2Nc2cc(Nc3ccc([N+](=O)[O-])cc3-c3nc(C)c(C(=O)OCC)s3)nc(-c3ccccc3)n2)nc1C,0.99974936,3.283163923014828
CCOC(=O)c1sc(-c2cc([N+](=O)[O-])ccc2Nc2cc(NC(CC(=O)OC)c3ccc(F)cc3)nc(-c3ccccc3)n2)nc1C,0.53266335,3.3886849370375067
CCOC(=O)c1sc(-c2cc([N+](=O)[O-])ccc2Nc2cc(Nc3c([N+](=O)[O-])c(=O)oc4ccccc34)nc(-c3ccccc3)n2)nc1C,0.9981991,3.117419261353721
CCOC(=O)c1sc(-c2cc([N+](=O)[O-])ccc2Nc2cc(N(CCOC)C(C)C)nc(-c3ccccc3)n2)nc1C,0.7860405,2.9207836787644474
CCCCN(c1cc(Nc2ccc([N+](=O)[O-])cc2-c2nc(C)c(C(=O)OCC)s2)nc(-c2ccccc2)n1)C(C)CC,0.99300313,3.379017801100874
CCOC(=O)c1sc(-c2cc([N+](=O)[O-])ccc2Nc2cc(NCCS(C)(=O)=O)nc(-c3ccccc3)n2)nc1C,0.30638346,2.8343697888282406
CCOC(=O)c1sc(-c2cc([N+](=O)[O-])ccc2Nc2cc(N(C)Cc3c(F)cccc3Cl)nc(-c3ccccc3)n2)nc1C,0.9998114,2.9344703603235907
CCCN(Cc1cccc(Br)c1)c1cc(Nc2ccc([N+](=O)[O-])cc2-c2nc(C)c(C(=O)OCC)s2)nc(-c2ccccc2)n1,0.9997105,2.9451845385969175
CCOC(=O)c1sc(-c2cc([N+](=O)[O-])ccc2Nc2cc(N(Cc3ccc(F)cc3)C3CCCCC3)nc(-c3ccccc3)n2)nc1C,0.99163145,3.00343959383454
COC(=O)CC(Nc1cc(N2CCC3(CC2)OCCc2ccccc23)nc(-c2ccccc2)n1)c1ccc(F)cc1,0.54977393,3.687739636656679
CCOC(=O)c1sc(-c2cc([N+](=O)[O-])ccc2Nc2cc(NC(CC(=O)OC)c3ccc(F)cc3)nc(-c3ccccc3)n2)nc1C,0.53266335,3.3886849370375067
COC(=O)CC(Nc1cc(NC(CC(=O)OC)c2ccc(F)cc2)nc(-c2ccccc2)n1)c1ccc(F)cc1,0.3058099,3.305313504154367
COC(=O)CC(Nc1cc(Nc2c([N+](=O)[O-])c(=O)oc3ccccc23)nc(-c2ccccc2)n1)c1ccc(F)cc1,0.59238917,3.226408252127853
COCCN(c1cc(NC(CC(=O)OC)c2ccc(F)cc2)nc(-c2ccccc2)n1)C(C)C,0.99144053,3.0299610864192985
CCCCN(c1cc(NC(CC(=O)OC)c2ccc(F)cc2)nc(-c2ccccc2)n1)C(C)CC,0.99956286,3.3179518840095605
COC(=O)CC(Nc1cc(NCCS(C)(=O)=O)nc(-c2ccccc2)n1)c1ccc(F)cc1,0.0057417606,2.9313451088733107
COC(=O)CC(Nc1cc(N(C)Cc2c(F)cccc2Cl)nc(-c2ccccc2)n1)c1ccc(F)cc1,0.9999848,3.0311962792753206
CCCN(Cc1cccc(Br)c1)c1cc(NC(CC(=O)OC)c2ccc(F)cc2)nc(-c2ccccc2)n1,0.99992216,3.0400041754208615
COC(=O)CC(Nc1cc(N(Cc2ccc(F)cc2)C2CCCCC2)nc(-c2ccccc2)n1)c1ccc(F)cc1,0.9562267,3.0954535308310493
O=c1oc2ccccc2c(Nc2cc(N3CCC4(CC3)OCCc3ccccc34)nc(-c3ccccc3)n2)c1[N+](=O)[O-],0.98387647,3.4252709095054925
CCOC(=O)c1sc(-c2cc([N+](=O)[O-])ccc2Nc2cc(Nc3c([N+](=O)[O-])c(=O)oc4ccccc34)nc(-c3ccccc3)n2)nc1C,0.9981991,3.117419261353721
COC(=O)CC(Nc1cc(Nc2c([N+](=O)[O-])c(=O)oc3ccccc23)nc(-c2ccccc2)n1)c1ccc(F)cc1,0.59238917,3.226408252127853
O=c1oc2ccccc2c(Nc2cc(Nc3c([N+](=O)[O-])c(=O)oc4ccccc34)nc(-c3ccccc3)n2)c1[N+](=O)[O-],0.999477,2.968083889242793
COCCN(c1cc(Nc2c([N+](=O)[O-])c(=O)oc3ccccc23)nc(-c2ccccc2)n1)C(C)C,0.5232549,2.7960161606914262
CCCCN(c1cc(Nc2c([N+](=O)[O-])c(=O)oc3ccccc23)nc(-c2ccccc2)n1)C(C)CC,0.9286831,3.2523932120568686
CS(=O)(=O)CCNc1cc(Nc2c([N+](=O)[O-])c(=O)oc3ccccc23)nc(-c2ccccc2)n1,0.6845432,2.7040084962691697
CN(Cc1c(F)cccc1Cl)c1cc(Nc2c([N+](=O)[O-])c(=O)oc3ccccc23)nc(-c2ccccc2)n1,0.9832447,2.787882120732977
CCCN(Cc1cccc(Br)c1)c1cc(Nc2c([N+](=O)[O-])c(=O)oc3ccccc23)nc(-c2ccccc2)n1,0.99417806,2.7924673749064635
O=c1oc2ccccc2c(Nc2cc(N(Cc3ccc(F)cc3)C3CCCCC3)nc(-c3ccccc3)n2)c1[N+](=O)[O-],0.41374397,2.838293655951496
COCCN(c1cc(N2CCC3(CC2)OCCc2ccccc23)nc(-c2ccccc2)n1)C(C)C,0.96195126,3.272215323753935
CCOC(=O)c1sc(-c2cc([N+](=O)[O-])ccc2Nc2cc(N(CCOC)C(C)C)nc(-c3ccccc3)n2)nc1C,0.7860405,2.9207836787644474
COCCN(c1cc(NC(CC(=O)OC)c2ccc(F)cc2)nc(-c2ccccc2)n1)C(C)C,0.99144053,3.0299610864192985
COCCN(c1cc(Nc2c([N+](=O)[O-])c(=O)oc3ccccc23)nc(-c2ccccc2)n1)C(C)C,0.5232549,2.7960161606914262
COCCN(c1cc(N(CCOC)C(C)C)nc(-c2ccccc2)n1)C(C)C,0.99765027,2.6801424559052673
CCCCN(c1cc(N(CCOC)C(C)C)nc(-c2ccccc2)n1)C(C)CC,0.99899256,3.133154317226909
COCCN(c1cc(NCCS(C)(=O)=O)nc(-c2ccccc2)n1)C(C)C,0.35719937,2.5601198079918692
COCCN(c1cc(N(C)Cc2c(F)cccc2Cl)nc(-c2ccccc2)n1)C(C)C,0.9998317,2.6316702818517346
CCCN(Cc1cccc(Br)c1)c1cc(N(CCOC)C(C)C)nc(-c2ccccc2)n1,0.9998291,2.625471294382413
COCCN(c1cc(N(Cc2ccc(F)cc2)C2CCCCC2)nc(-c2ccccc2)n1)C(C)C,0.985788,2.650636987389479
CCCCN(c1cc(N2CCC3(CC2)OCCc2ccccc23)nc(-c2ccccc2)n1)C(C)CC,0.99070185,3.7266788556976245
CCCCN(c1cc(Nc2ccc([N+](=O)[O-])cc2-c2nc(C)c(C(=O)OCC)s2)nc(-c2ccccc2)n1)C(C)CC,0.99300313,3.379017801100874
CCCCN(c1cc(NC(CC(=O)OC)c2ccc(F)cc2)nc(-c2ccccc2)n1)C(C)CC,0.99956286,3.3179518840095605
CCCCN(c1cc(Nc2c([N+](=O)[O-])c(=O)oc3ccccc23)nc(-c2ccccc2)n1)C(C)CC,0.9286831,3.2523932120568686
CCCCN(c1cc(N(CCOC)C(C)C)nc(-c2ccccc2)n1)C(C)CC,0.99899256,3.133154317226909
CCCCN(c1cc(N(CCCC)C(C)CC)nc(-c2ccccc2)n1)C(C)CC,0.99998,3.413005660152229
CCCCN(c1cc(NCCS(C)(=O)=O)nc(-c2ccccc2)n1)C(C)CC,0.9992884,3.016556769428176
CCCCN(c1cc(N(C)Cc2c(F)cccc2Cl)nc(-c2ccccc2)n1)C(C)CC,0.99999934,3.089495582546064
CCCCN(c1cc(N(CCC)Cc2cccc(Br)c2)nc(-c2ccccc2)n1)C(C)CC,0.9999953,3.0842889608346624
CCCCN(c1cc(N(Cc2ccc(F)cc2)C2CCCCC2)nc(-c2ccccc2)n1)C(C)CC,0.9986718,3.1110618076015957
CS(=O)(=O)CCNc1cc(N2CCC3(CC2)OCCc2ccccc23)nc(-c2ccccc2)n1,0.5340228,3.1711191283773417
CCOC(=O)c1sc(-c2cc([N+](=O)[O-])ccc2Nc2cc(NCCS(C)(=O)=O)nc(-c3ccccc3)n2)nc1C,0.30638346,2.8343697888282406
COC(=O)CC(Nc1cc(NCCS(C)(=O)=O)nc(-c2ccccc2)n1)c1ccc(F)cc1,0.0057417606,2.9313451088733107
CS(=O)(=O)CCNc1cc(Nc2c([N+](=O)[O-])c(=O)oc3ccccc23)nc(-c2ccccc2)n1,0.6845432,2.7040084962691697
COCCN(c1cc(NCCS(C)(=O)=O)nc(-c2ccccc2)n1)C(C)C,0.35719937,2.5601198079918692
CCCCN(c1cc(NCCS(C)(=O)=O)nc(-c2ccccc2)n1)C(C)CC,0.9992884,3.016556769428176
CS(=O)(=O)CCNc1cc(NCCS(C)(=O)=O)nc(-c2ccccc2)n1,0.17262854,2.4504083356175066
CN(Cc1c(F)cccc1Cl)c1cc(NCCS(C)(=O)=O)nc(-c2ccccc2)n1,0.9986025,2.515524582188741
CCCN(Cc1cccc(Br)c1)c1cc(NCCS(C)(=O)=O)nc(-c2ccccc2)n1,0.9997992,2.5116989833226775
CS(=O)(=O)CCNc1cc(N(Cc2ccc(F)cc2)C2CCCCC2)nc(-c2ccccc2)n1,0.62102383,2.5425241065517454
CN(Cc1c(F)cccc1Cl)c1cc(N2CCC3(CC2)OCCc2ccccc23)nc(-c2ccccc2)n1,0.9999869,3.2620947550619004
CCOC(=O)c1sc(-c2cc([N+](=O)[O-])ccc2Nc2cc(N(C)Cc3c(F)cccc3Cl)nc(-c3ccccc3)n2)nc1C,0.9998114,2.9344703603235907
COC(=O)CC(Nc1cc(N(C)Cc2c(F)cccc2Cl)nc(-c2ccccc2)n1)c1ccc(F)cc1,0.9999848,3.0311962792753206
CN(Cc1c(F)cccc1Cl)c1cc(Nc2c([N+](=O)[O-])c(=O)oc3ccccc23)nc(-c2ccccc2)n1,0.9832447,2.787882120732977
COCCN(c1cc(N(C)Cc2c(F)cccc2Cl)nc(-c2ccccc2)n1)C(C)C,0.9998317,2.6316702818517346
CCCCN(c1cc(N(C)Cc2c(F)cccc2Cl)nc(-c2ccccc2)n1)C(C)CC,0.99999934,3.089495582546064
CN(Cc1c(F)cccc1Cl)c1cc(NCCS(C)(=O)=O)nc(-c2ccccc2)n1,0.9986025,2.515524582188741
CN(Cc1c(F)cccc1Cl)c1cc(N(C)Cc2c(F)cccc2Cl)nc(-c2ccccc2)n1,1.0,2.611595515499939
CCCN(Cc1cccc(Br)c1)c1cc(N(C)Cc2c(F)cccc2Cl)nc(-c2ccccc2)n1,1.0,2.6139662166354825
CN(Cc1c(F)cccc1Cl)c1cc(N(Cc2ccc(F)cc2)C2CCCCC2)nc(-c2ccccc2)n1,0.999997,2.65630058227144
CCCN(Cc1cccc(Br)c1)c1cc(N2CCC3(CC2)OCCc2ccccc23)nc(-c2ccccc2)n1,0.9999848,3.265413101105324
CCCN(Cc1cccc(Br)c1)c1cc(Nc2ccc([N+](=O)[O-])cc2-c2nc(C)c(C(=O)OCC)s2)nc(-c2ccccc2)n1,0.9997105,2.9451845385969175
CCCN(Cc1cccc(Br)c1)c1cc(NC(CC(=O)OC)c2ccc(F)cc2)nc(-c2ccccc2)n1,0.99992216,3.0400041754208615
CCCN(Cc1cccc(Br)c1)c1cc(Nc2c([N+](=O)[O-])c(=O)oc3ccccc23)nc(-c2ccccc2)n1,0.99417806,2.7924673749064635
CCCN(Cc1cccc(Br)c1)c1cc(N(CCOC)C(C)C)nc(-c2ccccc2)n1,0.9998291,2.625471294382413
CCCCN(c1cc(N(CCC)Cc2cccc(Br)c2)nc(-c2ccccc2)n1)C(C)CC,0.9999953,3.0842889608346624
CCCN(Cc1cccc(Br)c1)c1cc(NCCS(C)(=O)=O)nc(-c2ccccc2)n1,0.9997992,2.5116989833226775
CCCN(Cc1cccc(Br)c1)c1cc(N(C)Cc2c(F)cccc2Cl)nc(-c2ccccc2)n1,1.0,2.6139662166354825
CCCN(Cc1cccc(Br)c1)c1cc(N(CCC)Cc2cccc(Br)c2)nc(-c2ccccc2)n1,1.0,2.6188014881615267
CCCN(Cc1cccc(Br)c1)c1cc(N(Cc2ccc(F)cc2)C2CCCCC2)nc(-c2ccccc2)n1,0.99997044,2.665993452118723
Fc1ccc(CN(c2cc(N3CCC4(CC3)OCCc3ccccc34)nc(-c3ccccc3)n2)C2CCCCC2)cc1,0.9880882,3.3080185447775374
CCOC(=O)c1sc(-c2cc([N+](=O)[O-])ccc2Nc2cc(N(Cc3ccc(F)cc3)C3CCCCC3)nc(-c3ccccc3)n2)nc1C,0.99163145,3.00343959383454
COC(=O)CC(Nc1cc(N(Cc2ccc(F)cc2)C2CCCCC2)nc(-c2ccccc2)n1)c1ccc(F)cc1,0.9562267,3.0954535308310493
O=c1oc2ccccc2c(Nc2cc(N(Cc3ccc(F)cc3)C3CCCCC3)nc(-c3ccccc3)n2)c1[N+](=O)[O-],0.41374397,2.838293655951496
COCCN(c1cc(N(Cc2ccc(F)cc2)C2CCCCC2)nc(-c2ccccc2)n1)C(C)C,0.985788,2.650636987389479
CCCCN(c1cc(N(Cc2ccc(F)cc2)C2CCCCC2)nc(-c2ccccc2)n1)C(C)CC,0.9986718,3.1110618076015957
CS(=O)(=O)CCNc1cc(N(Cc2ccc(F)cc2)C2CCCCC2)nc(-c2ccccc2)n1,0.62102383,2.5425241065517454
CN(Cc1c(F)cccc1Cl)c1cc(N(Cc2ccc(F)cc2)C2CCCCC2)nc(-c2ccccc2)n1,0.999997,2.65630058227144
CCCN(Cc1cccc(Br)c1)c1cc(N(Cc2ccc(F)cc2)C2CCCCC2)nc(-c2ccccc2)n1,0.99997044,2.665993452118723
Fc1ccc(CN(c2cc(N(Cc3ccc(F)cc3)C3CCCCC3)nc(-c3ccccc3)n2)C2CCCCC2)cc1,0.9997325,2.7061897902587795
Brc1cnn2c(N3CCC4(CC3)OCCc3ccccc34)cc(N3CCC4(CC3)OCCc3ccccc34)nc12,0.99226594,3.993527660586171
CCOC(=O)c1sc(-c2cc([N+](=O)[O-])ccc2Nc2cc(N3CCC4(CC3)OCCc3ccccc34)nc3c(Br)cnn23)nc1C,0.021908514,3.7621782399984607
COC(=O)CC(Nc1cc(N2CCC3(CC2)OCCc2ccccc23)nc2c(Br)cnn12)c1ccc(F)cc1,0.11384394,3.9168047102198473
O=c1oc2ccccc2c(Nc2cc(N3CCC4(CC3)OCCc3ccccc34)nc3c(Br)cnn23)c1[N+](=O)[O-],0.9666756,3.662614068538809
COCCN(c1cc(N2CCC3(CC2)OCCc2ccccc23)nc2c(Br)cnn12)C(C)C,0.9416642,3.6092626588276
CCCCN(c1cc(N2CCC3(CC2)OCCc2ccccc23)nc2c(Br)cnn12)C(C)CC,0.99044275,4.041837626726412
CS(=O)(=O)CCNc1cc(N2CCC3(CC2)OCCc2ccccc23)nc2c(Br)cnn12,0.12513675,3.480377689569476
CN(Cc1c(F)cccc1Cl)c1cc(N2CCC3(CC2)OCCc2ccccc23)nc2c(Br)cnn12,0.9999135,3.534129707009879
CCCN(Cc1cccc(Br)c1)c1cc(N2CCC3(CC2)OCCc2ccccc23)nc2c(Br)cnn12,0.99889994,3.5325807847698245
Fc1ccc(CN(c2cc(N3CCC4(CC3)OCCc3ccccc34)nc3c(Br)cnn23)C2CCCCC2)cc1,0.99794024,3.5583038338582345
CCOC(=O)c1sc(-c2cc([N+](=O)[O-])ccc2Nc2cc(N3CCC4(CC3)OCCc3ccccc34)n3ncc(Br)c3n2)nc1C,0.061794635,3.790718100138321
CCOC(=O)c1sc(-c2cc([N+](=O)[O-])ccc2Nc2cc(Nc3ccc([N+](=O)[O-])cc3-c3nc(C)c(C(=O)OCC)s3)n3ncc(Br)c3n2)nc1C,0.035253298,3.439976969805353
CCOC(=O)c1sc(-c2cc([N+](=O)[O-])ccc2Nc2cc(NC(CC(=O)OC)c3ccc(F)cc3)n3ncc(Br)c3n2)nc1C,0.32275328,3.574339944681112
CCOC(=O)c1sc(-c2cc([N+](=O)[O-])ccc2Nc2cc(Nc3c([N+](=O)[O-])c(=O)oc4ccccc34)n3ncc(Br)c3n2)nc1C,0.4768243,3.3109619555484464
CCOC(=O)c1sc(-c2cc([N+](=O)[O-])ccc2Nc2cc(N(CCOC)C(C)C)n3ncc(Br)c3n2)nc1C,0.47865322,3.206997365748953
CCCCN(c1cc(Nc2ccc([N+](=O)[O-])cc2-c2nc(C)c(C(=O)OCC)s2)nc2c(Br)cnn12)C(C)CC,0.9580918,3.64739857997332
CCOC(=O)c1sc(-c2cc([N+](=O)[O-])ccc2Nc2cc(NCCS(C)(=O)=O)n3ncc(Br)c3n2)nc1C,0.0070033083,3.0799355273263833
CCOC(=O)c1sc(-c2cc([N+](=O)[O-])ccc2Nc2cc(N(C)Cc3c(F)cccc3Cl)n3ncc(Br)c3n2)nc1C,0.9997965,3.1678985933848054
CCCN(Cc1cccc(Br)c1)c1cc(Nc2ccc([N+](=O)[O-])cc2-c2nc(C)c(C(=O)OCC)s2)nc2c(Br)cnn12,0.9982276,3.175854027904629
CCOC(=O)c1sc(-c2cc([N+](=O)[O-])ccc2Nc2cc(N(Cc3ccc(F)cc3)C3CCCCC3)n3ncc(Br)c3n2)nc1C,0.99442655,3.222243292177377
COC(=O)CC(Nc1cc(N2CCC3(CC2)OCCc2ccccc23)n2ncc(Br)c2n1)c1ccc(F)cc1,0.39199203,3.953967542078254
CCOC(=O)c1sc(-c2cc([N+](=O)[O-])ccc2Nc2cc(NC(CC(=O)OC)c3ccc(F)cc3)nc3c(Br)cnn23)nc1C,0.16191447,3.577769615010782
COC(=O)CC(Nc1cc(NC(CC(=O)OC)c2ccc(F)cc2)n2ncc(Br)c2n1)c1ccc(F)cc1,0.09626597,3.532183225398737
COC(=O)CC(Nc1cc(Nc2c([N+](=O)[O-])c(=O)oc3ccccc23)n2ncc(Br)c2n1)c1ccc(F)cc1,0.30809474,3.462771252519129
COCCN(c1cc(NC(CC(=O)OC)c2ccc(F)cc2)nc2c(Br)cnn12)C(C)C,0.5494258,3.387638711327396
CCCCN(c1cc(NC(CC(=O)OC)c2ccc(F)cc2)nc2c(Br)cnn12)C(C)CC,0.97222424,3.6521805084547756
COC(=O)CC(Nc1cc(NCCS(C)(=O)=O)n2ncc(Br)c2n1)c1ccc(F)cc1,0.006724053,3.240687275416211
COC(=O)CC(Nc1cc(N(C)Cc2c(F)cccc2Cl)n2ncc(Br)c2n1)c1ccc(F)cc1,0.9997613,3.3189174476804295
CCCN(Cc1cccc(Br)c1)c1cc(NC(CC(=O)OC)c2ccc(F)cc2)nc2c(Br)cnn12,0.9985781,3.322373302554607
COC(=O)CC(Nc1cc(N(Cc2ccc(F)cc2)C2CCCCC2)n2ncc(Br)c2n1)c1ccc(F)cc1,0.98603797,3.3595781381335144
O=c1oc2ccccc2c(Nc2cc(N3CCC4(CC3)OCCc3ccccc34)n3ncc(Br)c3n2)c1[N+](=O)[O-],0.91394186,3.6898826361780666
CCOC(=O)c1sc(-c2cc([N+](=O)[O-])ccc2Nc2cc(Nc3c([N+](=O)[O-])c(=O)oc4ccccc34)nc3c(Br)cnn23)nc1C,0.35180333,3.306278950181719
COC(=O)CC(Nc1cc(Nc2c([N+](=O)[O-])c(=O)oc3ccccc23)nc2c(Br)cnn12)c1ccc(F)cc1,0.12598439,3.4533508329387086
O=c1oc2ccccc2c(Nc2cc(Nc3c([N+](=O)[O-])c(=O)oc4ccccc34)n3ncc(Br)c3n2)c1[N+](=O)[O-],0.9987649,3.2038467021803765
COCCN(c1cc(Nc2c([N+](=O)[O-])c(=O)oc3ccccc23)nc2c(Br)cnn12)C(C)C,0.9793657,3.1510512460670164
CCCCN(c1cc(Nc2c([N+](=O)[O-])c(=O)oc3ccccc23)nc2c(Br)cnn12)C(C)CC,0.9955659,3.5844344467431846
CS(=O)(=O)CCNc1cc(Nc2c([N+](=O)[O-])c(=O)oc3ccccc23)nc2c(Br)cnn12,0.043622307,3.012800463225668
CN(Cc1c(F)cccc1Cl)c1cc(Nc2c([N+](=O)[O-])c(=O)oc3ccccc23)nc2c(Br)cnn12,0.9999363,3.0745441620147123
CCCN(Cc1cccc(Br)c1)c1cc(Nc2c([N+](=O)[O-])c(=O)oc3ccccc23)nc2c(Br)cnn12,0.99925685,3.073661120443872
O=c1oc2ccccc2c(Nc2cc(N(Cc3ccc(F)cc3)C3CCCCC3)n3ncc(Br)c3n2)c1[N+](=O)[O-],0.9959924,3.1011690912649357
COCCN(c1cc(N2CCC3(CC2)OCCc2ccccc23)n2ncc(Br)c2n1)C(C)C,0.9720122,3.6246901891919725
CCOC(=O)c1sc(-c2cc([N+](=O)[O-])ccc2Nc2cc(N(CCOC)C(C)C)nc3c(Br)cnn23)nc1C,0.9100907,3.175443519595106
COCCN(c1cc(NC(CC(=O)OC)c2ccc(F)cc2)n2ncc(Br)c2n1)C(C)C,0.7033241,3.3444931624942065
COCCN(c1cc(Nc2c([N+](=O)[O-])c(=O)oc3ccccc23)n2ncc(Br)c2n1)C(C)C,0.99610305,3.1205761624549764
COCCN(c1cc(N(CCOC)C(C)C)n2ncc(Br)c2n1)C(C)C,0.93769443,3.1634281893553187
CCCCN(c1cc(N(CCOC)C(C)C)nc2c(Br)cnn12)C(C)CC,0.998813,3.5816951450234926
COCCN(c1cc(NCCS(C)(=O)=O)n2ncc(Br)c2n1)C(C)C,0.38684934,3.0121458063123887
COCCN(c1cc(N(C)Cc2c(F)cccc2Cl)n2ncc(Br)c2n1)C(C)C,0.9995796,3.011461652290457
CCCN(Cc1cccc(Br)c1)c1cc(N(CCOC)C(C)C)nc2c(Br)cnn12,0.9998501,2.9933619448261037
COCCN(c1cc(N(Cc2ccc(F)cc2)C2CCCCC2)n2ncc(Br)c2n1)C(C)C,0.9991738,2.985972141961131
CCCCN(c1cc(N2CCC3(CC2)OCCc2ccccc23)n2ncc(Br)c2n1)C(C)CC,0.99419373,4.06641878842186
CCCCN(c1cc(Nc2ccc([N+](=O)[O-])cc2-c2nc(C)c(C(=O)OCC)s2)n2ncc(Br)c2n1)C(C)CC,0.98392534,3.625196085170825
CCCCN(c1cc(NC(CC(=O)OC)c2ccc(F)cc2)n2ncc(Br)c2n1)C(C)CC,0.7180094,3.6206955586219998
CCCCN(c1cc(Nc2c([N+](=O)[O-])c(=O)oc3ccccc23)n2ncc(Br)c2n1)C(C)CC,0.9923418,3.5648516127350875
CCCCN(c1cc(N(CCOC)C(C)C)n2ncc(Br)c2n1)C(C)CC,0.96952415,3.5944429620713088
CCCCN(c1cc(N(CCCC)C(C)CC)n2ncc(Br)c2n1)C(C)CC,0.99946266,3.8417005107380398
CCCCN(c1cc(NCCS(C)(=O)=O)n2ncc(Br)c2n1)C(C)CC,0.8821553,3.4473646297221308
CCCCN(c1cc(N(C)Cc2c(F)cccc2Cl)n2ncc(Br)c2n1)C(C)CC,0.9999988,3.4537027755759926
CCCCN(c1cc(N(CCC)Cc2cccc(Br)c2)n2ncc(Br)c2n1)C(C)CC,0.9999124,3.4377616816835594
CCCCN(c1cc(N(Cc2ccc(F)cc2)C2CCCCC2)n2ncc(Br)c2n1)C(C)CC,0.9989934,3.4344952656421377
CS(=O)(=O)CCNc1cc(N2CCC3(CC2)OCCc2ccccc23)n2ncc(Br)c2n1,0.21074112,3.525469495589542
CCOC(=O)c1sc(-c2cc([N+](=O)[O-])ccc2Nc2cc(NCCS(C)(=O)=O)nc3c(Br)cnn23)nc1C,0.012976896,3.083565856996713
COC(=O)CC(Nc1cc(NCCS(C)(=O)=O)nc2c(Br)cnn12)c1ccc(F)cc1,0.0077078077,3.2400947888330256
CS(=O)(=O)CCNc1cc(Nc2c([N+](=O)[O-])c(=O)oc3ccccc23)n2ncc(Br)c2n1,0.23828007,3.0238711633120996
COCCN(c1cc(NCCS(C)(=O)=O)nc2c(Br)cnn12)C(C)C,0.20892233,3.067866394547683
CCCCN(c1cc(NCCS(C)(=O)=O)nc2c(Br)cnn12)C(C)CC,0.719393,3.4874443697004622
CS(=O)(=O)CCNc1cc(NCCS(C)(=O)=O)n2ncc(Br)c2n1,0.004731694,2.899578602806585
CN(Cc1c(F)cccc1Cl)c1cc(NCCS(C)(=O)=O)nc2c(Br)cnn12,0.6524431,2.913370981226098
CCCN(Cc1cccc(Br)c1)c1cc(NCCS(C)(=O)=O)nc2c(Br)cnn12,0.9613225,2.896562357418661
CS(=O)(=O)CCNc1cc(N(Cc2ccc(F)cc2)C2CCCCC2)n2ncc(Br)c2n1,0.8947755,2.8924312267577292
CN(Cc1c(F)cccc1Cl)c1cc(N2CCC3(CC2)OCCc2ccccc23)n2ncc(Br)c2n1,0.9999918,3.5702082573057385
CCOC(=O)c1sc(-c2cc([N+](=O)[O-])ccc2Nc2cc(N(C)Cc3c(F)cccc3Cl)nc3c(Br)cnn23)nc1C,0.984578,3.158315161432143
COC(=O)CC(Nc1cc(N(C)Cc2c(F)cccc2Cl)nc2c(Br)cnn12)c1ccc(F)cc1,0.9948883,3.3030664272722667
CN(Cc1c(F)cccc1Cl)c1cc(Nc2c([N+](=O)[O-])c(=O)oc3ccccc23)n2ncc(Br)c2n1,0.9996663,3.069423826904277
COCCN(c1cc(N(C)Cc2c(F)cccc2Cl)nc2c(Br)cnn12)C(C)C,0.99932057,3.0400435753673793
CCCCN(c1cc(N(C)Cc2c(F)cccc2Cl)nc2c(Br)cnn12)C(C)CC,0.99999595,3.4698860934629243
CN(Cc1c(F)cccc1Cl)c1cc(NCCS(C)(=O)=O)n2ncc(Br)c2n1,0.7480784,2.8938586935138115
CN(Cc1c(F)cccc1Cl)c1cc(N(C)Cc2c(F)cccc2Cl)n2ncc(Br)c2n1,1.0,2.936427256656957
CCCN(Cc1cccc(Br)c1)c1cc(N(C)Cc2c(F)cccc2Cl)nc2c(Br)cnn12,1.0,2.9309477451499806
CN(Cc1c(F)cccc1Cl)c1cc(N(Cc2ccc(F)cc2)C2CCCCC2)n2ncc(Br)c2n1,0.9999947,2.949425668089143
CCCN(Cc1cccc(Br)c1)c1cc(N2CCC3(CC2)OCCc2ccccc23)n2ncc(Br)c2n1,0.99940884,3.5574512975903376
CCCN(Cc1cccc(Br)c1)c1cc(Nc2ccc([N+](=O)[O-])cc2-c2nc(C)c(C(=O)OCC)s2)n2ncc(Br)c2n1,0.9963765,3.157776214808637
CCCN(Cc1cccc(Br)c1)c1cc(NC(CC(=O)OC)c2ccc(F)cc2)n2ncc(Br)c2n1,0.9979254,3.296691402102118
CCCN(Cc1cccc(Br)c1)c1cc(Nc2c([N+](=O)[O-])c(=O)oc3ccccc23)n2ncc(Br)c2n1,0.9965889,3.058581999564752
CCCN(Cc1cccc(Br)c1)c1cc(N(CCOC)C(C)C)n2ncc(Br)c2n1,0.99727094,3.0078905162546743
CCCCN(c1cc(N(CCC)Cc2cccc(Br)c2)nc2c(Br)cnn12)C(C)CC,0.9998629,3.440946297068175
CCCN(Cc1cccc(Br)c1)c1cc(NCCS(C)(=O)=O)n2ncc(Br)c2n1,0.98204464,2.86485124630755
CCCN(Cc1cccc(Br)c1)c1cc(N(C)Cc2c(F)cccc2Cl)n2ncc(Br)c2n1,1.0,2.919483725298864
CCCN(Cc1cccc(Br)c1)c1cc(N(CCC)Cc2cccc(Br)c2)n2ncc(Br)c2n1,0.9999998,2.917729546031264
CCCN(Cc1cccc(Br)c1)c1cc(N(Cc2ccc(F)cc2)C2CCCCC2)n2ncc(Br)c2n1,0.99990124,2.9438738676966203
Fc1ccc(CN(c2cc(N3CCC4(CC3)OCCc3ccccc34)n3ncc(Br)c3n2)C2CCCCC2)cc1,0.97486794,3.5653982276000864
CCOC(=O)c1sc(-c2cc([N+](=O)[O-])ccc2Nc2cc(N(Cc3ccc(F)cc3)C3CCCCC3)nc3c(Br)cnn23)nc1C,0.9864135,3.191431900515605
COC(=O)CC(Nc1cc(N(Cc2ccc(F)cc2)C2CCCCC2)nc2c(Br)cnn12)c1ccc(F)cc1,0.98395854,3.319681434836811
O=c1oc2ccccc2c(Nc2cc(N(Cc3ccc(F)cc3)C3CCCCC3)nc3c(Br)cnn23)c1[N+](=O)[O-],0.963459,3.071324007652896
COCCN(c1cc(N(Cc2ccc(F)cc2)C2CCCCC2)nc2c(Br)cnn12)C(C)C,0.998297,2.979286217247548
CCCCN(c1cc(N(Cc2ccc(F)cc2)C2CCCCC2)nc2c(Br)cnn12)C(C)CC,0.9956219,3.4182909833265143
CS(=O)(=O)CCNc1cc(N(Cc2ccc(F)cc2)C2CCCCC2)nc2c(Br)cnn12,0.94613606,2.843887524306334
CN(Cc1c(F)cccc1Cl)c1cc(N(Cc2ccc(F)cc2)C2CCCCC2)nc2c(Br)cnn12,0.9999966,2.9211243984849613
CCCN(Cc1cccc(Br)c1)c1cc(N(Cc2ccc(F)cc2)C2CCCCC2)nc2c(Br)cnn12,0.99989986,2.926594644116461
Fc1ccc(CN(c2cc(N(Cc3ccc(F)cc3)C3CCCCC3)n3ncc(Br)c3n2)C2CCCCC2)cc1,0.9999854,2.9678716485070247
CCc1c(N2CCC3(CC2)OCCc2ccccc23)ncnc1N1CCC2(CC1)OCCc1ccccc12,0.95195717,3.8385490588540074
CCOC(=O)c1sc(-c2cc([N+](=O)[O-])ccc2Nc2ncnc(N3CCC4(CC3)OCCc3ccccc34)c2CC)nc1C,0.91398853,3.62507568221778
CCc1c(NC(CC(=O)OC)c2ccc(F)cc2)ncnc1N1CCC2(CC1)OCCc1ccccc12,0.99523467,3.7728562855957266
CCc1c(Nc2c([N+](=O)[O-])c(=O)oc3ccccc23)ncnc1N1CCC2(CC1)OCCc1ccccc12,0.9782057,3.5197354014425475
CCc1c(N2CCC3(CC2)OCCc2ccccc23)ncnc1N(CCOC)C(C)C,0.9460165,3.4379642507533905
CCCCN(c1ncnc(N2CCC3(CC2)OCCc2ccccc23)c1CC)C(C)CC,0.9916966,3.8808093558065604
CCc1c(NCCS(C)(=O)=O)ncnc1N1CCC2(CC1)OCCc1ccccc12,0.9595262,3.3348694113498576
CCc1c(N(C)Cc2c(F)cccc2Cl)ncnc1N1CCC2(CC1)OCCc1ccccc12,0.9999498,3.3778461727615277
CCCN(Cc1cccc(Br)c1)c1ncnc(N2CCC3(CC2)OCCc2ccccc23)c1CC,0.99992293,3.3732298033919452
CCc1c(N2CCC3(CC2)OCCc2ccccc23)ncnc1N(Cc1ccc(F)cc1)C1CCCCC1,0.9952312,3.3814928839600285
CCOC(=O)c1sc(-c2cc([N+](=O)[O-])ccc2Nc2ncnc(N3CCC4(CC3)OCCc3ccccc34)c2CC)nc1C,0.91398853,3.62507568221778
CCOC(=O)c1sc(-c2cc([N+](=O)[O-])ccc2Nc2ncnc(Nc3ccc([N+](=O)[O-])cc3-c3nc(C)c(C(=O)OCC)s3)c2CC)nc1C,0.79457545,3.3051826792584063
CCOC(=O)c1sc(-c2cc([N+](=O)[O-])ccc2Nc2ncnc(NC(CC(=O)OC)c3ccc(F)cc3)c2CC)nc1C,0.80530715,3.433360385537277
CCOC(=O)c1sc(-c2cc([N+](=O)[O-])ccc2Nc2ncnc(Nc3c([N+](=O)[O-])c(=O)oc4ccccc34)c2CC)nc1C,0.8814197,3.1703294325259748
CCOC(=O)c1sc(-c2cc([N+](=O)[O-])ccc2Nc2ncnc(N(CCOC)C(C)C)c2CC)nc1C,0.99327916,3.015750338284855
CCCCN(c1ncnc(Nc2ccc([N+](=O)[O-])cc2-c2nc(C)c(C(=O)OCC)s2)c1CC)C(C)CC,0.9979822,3.4660447520918964
CCOC(=O)c1sc(-c2cc([N+](=O)[O-])ccc2Nc2ncnc(NCCS(C)(=O)=O)c2CC)nc1C,0.5499825,2.935579487085679
CCOC(=O)c1sc(-c2cc([N+](=O)[O-])ccc2Nc2ncnc(N(C)Cc3c(F)cccc3Cl)c2CC)nc1C,0.9997432,2.993135010093461
CCCN(Cc1cccc(Br)c1)c1ncnc(Nc2ccc([N+](=O)[O-])cc2-c2nc(C)c(C(=O)OCC)s2)c1CC,0.99957216,2.999386488128996
CCOC(=O)c1sc(-c2cc([N+](=O)[O-])ccc2Nc2ncnc(N(Cc3ccc(F)cc3)C3CCCCC3)c2CC)nc1C,0.98631674,3.032208171737981
CCc1c(NC(CC(=O)OC)c2ccc(F)cc2)ncnc1N1CCC2(CC1)OCCc1ccccc12,0.99523467,3.7728562855957266
CCOC(=O)c1sc(-c2cc([N+](=O)[O-])ccc2Nc2ncnc(NC(CC(=O)OC)c3ccc(F)cc3)c2CC)nc1C,0.80530715,3.433360385537277
CCc1c(NC(CC(=O)OC)c2ccc(F)cc2)ncnc1NC(CC(=O)OC)c1ccc(F)cc1,0.99306715,3.377316318206902
CCc1c(Nc2c([N+](=O)[O-])c(=O)oc3ccccc23)ncnc1NC(CC(=O)OC)c1ccc(F)cc1,0.8805593,3.310063625006512
CCc1c(NC(CC(=O)OC)c2ccc(F)cc2)ncnc1N(CCOC)C(C)C,0.98930603,3.17044383210982
CCCCN(c1ncnc(NC(CC(=O)OC)c2ccc(F)cc2)c1CC)C(C)CC,0.98860973,3.447966585808155
CCc1c(NCCS(C)(=O)=O)ncnc1NC(CC(=O)OC)c1ccc(F)cc1,0.9869089,3.0788370309021227
CCc1c(NC(CC(=O)OC)c2ccc(F)cc2)ncnc1N(C)Cc1c(F)cccc1Cl,0.9987115,3.122753313641894
CCCN(Cc1cccc(Br)c1)c1ncnc(NC(CC(=O)OC)c2ccc(F)cc2)c1CC,0.9966586,3.1249673364192994
CCc1c(NC(CC(=O)OC)c2ccc(F)cc2)ncnc1N(Cc1ccc(F)cc1)C1CCCCC1,0.9884326,3.1480664886885474
CCc1c(Nc2c([N+](=O)[O-])c(=O)oc3ccccc23)ncnc1N1CCC2(CC1)OCCc1ccccc12,0.9782057,3.5197354014425475
CCOC(=O)c1sc(-c2cc([N+](=O)[O-])ccc2Nc2ncnc(Nc3c([N+](=O)[O-])c(=O)oc4ccccc34)c2CC)nc1C,0.8814197,3.1703294325259748
CCc1c(Nc2c([N+](=O)[O-])c(=O)oc3ccccc23)ncnc1NC(CC(=O)OC)c1ccc(F)cc1,0.8805593,3.310063625006512
CCc1c(Nc2c([N+](=O)[O-])c(=O)oc3ccccc23)ncnc1Nc1c([N+](=O)[O-])c(=O)oc2ccccc12,0.99755096,3.0619138245431854
CCc1c(Nc2c([N+](=O)[O-])c(=O)oc3ccccc23)ncnc1N(CCOC)C(C)C,0.99883133,2.951275617734776
CCCCN(c1ncnc(Nc2c([N+](=O)[O-])c(=O)oc3ccccc23)c1CC)C(C)CC,0.9994126,3.396304225588416
CCc1c(NCCS(C)(=O)=O)ncnc1Nc1c([N+](=O)[O-])c(=O)oc2ccccc12,0.99341863,2.8676619845454194
CCc1c(Nc2c([N+](=O)[O-])c(=O)oc3ccccc23)ncnc1N(C)Cc1c(F)cccc1Cl,0.99971706,2.8929087037590495
CCCN(Cc1cccc(Br)c1)c1ncnc(Nc2c([N+](=O)[O-])c(=O)oc3ccccc23)c1CC,0.998774,2.889942034817299
CCc1c(Nc2c([N+](=O)[O-])c(=O)oc3ccccc23)ncnc1N(Cc1ccc(F)cc1)C1CCCCC1,0.6133607,2.9018745695685464
CCc1c(N2CCC3(CC2)OCCc2ccccc23)ncnc1N(CCOC)C(C)C,0.9460165,3.4379642507533905
CCOC(=O)c1sc(-c2cc([N+](=O)[O-])ccc2Nc2ncnc(N(CCOC)C(C)C)c2CC)nc1C,0.99327916,3.015750338284855
CCc1c(NC(CC(=O)OC)c2ccc(F)cc2)ncnc1N(CCOC)C(C)C,0.98930603,3.17044383210982
CCc1c(Nc2c([N+](=O)[O-])c(=O)oc3ccccc23)ncnc1N(CCOC)C(C)C,0.99883133,2.951275617734776
CCc1c(N(CCOC)C(C)C)ncnc1N(CCOC)C(C)C,0.9949604,2.9241182477770007
CCCCN(c1ncnc(N(CCOC)C(C)C)c1CC)C(C)CC,0.9991981,3.3583534021186257
CCc1c(NCCS(C)(=O)=O)ncnc1N(CCOC)C(C)C,0.9766834,2.8333963486562155
CCc1c(N(C)Cc2c(F)cccc2Cl)ncnc1N(CCOC)C(C)C,0.99995226,2.794971284083344
CCCN(Cc1cccc(Br)c1)c1ncnc(N(CCOC)C(C)C)c1CC,0.9999256,2.774977958863847
CCc1c(N(CCOC)C(C)C)ncnc1N(Cc1ccc(F)cc1)C1CCCCC1,0.9725948,2.750505801504495
CCCCN(c1ncnc(N2CCC3(CC2)OCCc2ccccc23)c1CC)C(C)CC,0.9916966,3.8808093558065604
CCCCN(c1ncnc(Nc2ccc([N+](=O)[O-])cc2-c2nc(C)c(C(=O)OCC)s2)c1CC)C(C)CC,0.9979822,3.4660447520918964
CCCCN(c1ncnc(NC(CC(=O)OC)c2ccc(F)cc2)c1CC)C(C)CC,0.98860973,3.447966585808155
CCCCN(c1ncnc(Nc2c([N+](=O)[O-])c(=O)oc3ccccc23)c1CC)C(C)CC,0.9994126,3.396304225588416
CCCCN(c1ncnc(N(CCOC)C(C)C)c1CC)C(C)CC,0.9991981,3.3583534021186257
CCCCN(c1ncnc(N(CCCC)C(C)CC)c1CC)C(C)CC,0.9972933,3.6208877381437574
CCCCN(c1ncnc(NCCS(C)(=O)=O)c1CC)C(C)CC,0.9768578,3.2696319695839344
CCCCN(c1ncnc(N(C)Cc2c(F)cccc2Cl)c1CC)C(C)CC,0.99998474,3.239913812385219
CCCCN(c1ncnc(N(CCC)Cc2cccc(Br)c2)c1CC)C(C)CC,0.9999761,3.222132095004687
CCCCN(c1ncnc(N(Cc2ccc(F)cc2)C2CCCCC2)c1CC)C(C)CC,0.99685824,3.2022173069754825
CCc1c(NCCS(C)(=O)=O)ncnc1N1CCC2(CC1)OCCc1ccccc12,0.9595262,3.3348694113498576
CCOC(=O)c1sc(-c2cc([N+](=O)[O-])ccc2Nc2ncnc(NCCS(C)(=O)=O)c2CC)nc1C,0.5499825,2.935579487085679
CCc1c(NCCS(C)(=O)=O)ncnc1NC(CC(=O)OC)c1ccc(F)cc1,0.9869089,3.0788370309021227
CCc1c(NCCS(C)(=O)=O)ncnc1Nc1c([N+](=O)[O-])c(=O)oc2ccccc12,0.99341863,2.8676619845454194
CCc1c(NCCS(C)(=O)=O)ncnc1N(CCOC)C(C)C,0.9766834,2.8333963486562155
CCCCN(c1ncnc(NCCS(C)(=O)=O)c1CC)C(C)CC,0.9768578,3.2696319695839344
CCc1c(NCCS(C)(=O)=O)ncnc1NCCS(C)(=O)=O,0.9943259,2.7367113624018806
CCc1c(NCCS(C)(=O)=O)ncnc1N(C)Cc1c(F)cccc1Cl,0.9100667,2.702002187188471
CCCN(Cc1cccc(Br)c1)c1ncnc(NCCS(C)(=O)=O)c1CC,0.98557043,2.683103192607252
CCc1c(NCCS(C)(=O)=O)ncnc1N(Cc1ccc(F)cc1)C1CCCCC1,0.91472584,2.6610463404304987
CCc1c(N(C)Cc2c(F)cccc2Cl)ncnc1N1CCC2(CC1)OCCc1ccccc12,0.9999498,3.3778461727615277
CCOC(=O)c1sc(-c2cc([N+](=O)[O-])ccc2Nc2ncnc(N(C)Cc3c(F)cccc3Cl)c2CC)nc1C,0.9997432,2.993135010093461
CCc1c(NC(CC(=O)OC)c2ccc(F)cc2)ncnc1N(C)Cc1c(F)cccc1Cl,0.9987115,3.122753313641894
CCc1c(Nc2c([N+](=O)[O-])c(=O)oc3ccccc23)ncnc1N(C)Cc1c(F)cccc1Cl,0.99971706,2.8929087037590495
CCc1c(N(C)Cc2c(F)cccc2Cl)ncnc1N(CCOC)C(C)C,0.99995226,2.794971284083344
CCCCN(c1ncnc(N(C)Cc2c(F)cccc2Cl)c1CC)C(C)CC,0.99998474,3.239913812385219
CCc1c(NCCS(C)(=O)=O)ncnc1N(C)Cc1c(F)cccc1Cl,0.9100667,2.702002187188471
CCc1c(N(C)Cc2c(F)cccc2Cl)ncnc1N(C)Cc1c(F)cccc1Cl,1.0,2.7154760716631205
CCCN(Cc1cccc(Br)c1)c1ncnc(N(C)Cc2c(F)cccc2Cl)c1CC,1.0,2.709256488748286
CCc1c(N(C)Cc2c(F)cccc2Cl)ncnc1N(Cc1ccc(F)cc1)C1CCCCC1,0.9999802,2.7139098791002567
CCCN(Cc1cccc(Br)c1)c1ncnc(N2CCC3(CC2)OCCc2ccccc23)c1CC,0.99992293,3.3732298033919452
CCCN(Cc1cccc(Br)c1)c1ncnc(Nc2ccc([N+](=O)[O-])cc2-c2nc(C)c(C(=O)OCC)s2)c1CC,0.99957216,2.999386488128996
CCCN(Cc1cccc(Br)c1)c1ncnc(NC(CC(=O)OC)c2ccc(F)cc2)c1CC,0.9966586,3.1249673364192994
CCCN(Cc1cccc(Br)c1)c1ncnc(Nc2c([N+](=O)[O-])c(=O)oc3ccccc23)c1CC,0.998774,2.889942034817299
CCCN(Cc1cccc(Br)c1)c1ncnc(N(CCOC)C(C)C)c1CC,0.9999256,2.774977958863847
CCCCN(c1ncnc(N(CCC)Cc2cccc(Br)c2)c1CC)C(C)CC,0.9999761,3.222132095004687
CCCN(Cc1cccc(Br)c1)c1ncnc(NCCS(C)(=O)=O)c1CC,0.98557043,2.683103192607252
CCCN(Cc1cccc(Br)c1)c1ncnc(N(C)Cc2c(F)cccc2Cl)c1CC,1.0,2.709256488748286
CCCN(Cc1cccc(Br)c1)c1ncnc(N(CCC)Cc2cccc(Br)c2)c1CC,1.0,2.7065291134863845
CCCN(Cc1cccc(Br)c1)c1ncnc(N(Cc2ccc(F)cc2)C2CCCCC2)c1CC,0.9992745,2.718720308029237
CCc1c(N2CCC3(CC2)OCCc2ccccc23)ncnc1N(Cc1ccc(F)cc1)C1CCCCC1,0.9952312,3.3814928839600285
CCOC(=O)c1sc(-c2cc([N+](=O)[O-])ccc2Nc2ncnc(N(Cc3ccc(F)cc3)C3CCCCC3)c2CC)nc1C,0.98631674,3.032208171737981
CCc1c(NC(CC(=O)OC)c2ccc(F)cc2)ncnc1N(Cc1ccc(F)cc1)C1CCCCC1,0.9884326,3.1480664886885474
CCc1c(Nc2c([N+](=O)[O-])c(=O)oc3ccccc23)ncnc1N(Cc1ccc(F)cc1)C1CCCCC1,0.6133607,2.9018745695685464
CCc1c(N(CCOC)C(C)C)ncnc1N(Cc1ccc(F)cc1)C1CCCCC1,0.9725948,2.750505801504495
CCCCN(c1ncnc(N(Cc2ccc(F)cc2)C2CCCCC2)c1CC)C(C)CC,0.99685824,3.2022173069754825
CCc1c(NCCS(C)(=O)=O)ncnc1N(Cc1ccc(F)cc1)C1CCCCC1,0.91472584,2.6610463404304987
CCc1c(N(C)Cc2c(F)cccc2Cl)ncnc1N(Cc1ccc(F)cc1)C1CCCCC1,0.9999802,2.7139098791002567
CCCN(Cc1cccc(Br)c1)c1ncnc(N(Cc2ccc(F)cc2)C2CCCCC2)c1CC,0.9992745,2.718720308029237
CCc1c(N(Cc2ccc(F)cc2)C2CCCCC2)ncnc1N(Cc1ccc(F)cc1)C1CCCCC1,0.99952835,2.7476024949533517
c1ccc2c(c1)CCOC21CCN(c2cc(N3CCC4(CC3)OCCc3ccccc34)ncn2)CC1,0.9999907,3.7055583339469376
CCOC(=O)c1sc(-c2cc([N+](=O)[O-])ccc2Nc2cc(N3CCC4(CC3)OCCc3ccccc34)ncn2)nc1C,0.9969933,3.5193604789161252
COC(=O)CC(Nc1cc(N2CCC3(CC2)OCCc2ccccc23)ncn1)c1ccc(F)cc1,0.93735033,3.6609156797411675
O=c1oc2ccccc2c(Nc2cc(N3CCC4(CC3)OCCc3ccccc34)ncn2)c1[N+](=O)[O-],0.9995799,3.4121436968661767
COCCN(c1cc(N2CCC3(CC2)OCCc2ccccc23)ncn1)C(C)C,0.99053365,3.315063047385639
CCCCN(c1cc(N2CCC3(CC2)OCCc2ccccc23)ncn1)C(C)CC,0.9882852,3.76144887484216
CS(=O)(=O)CCNc1cc(N2CCC3(CC2)OCCc2ccccc23)ncn1,0.98118067,3.2249294190008255
CN(Cc1c(F)cccc1Cl)c1cc(N2CCC3(CC2)OCCc2ccccc23)ncn1,0.99999547,3.266990867905866
CCCN(Cc1cccc(Br)c1)c1cc(N2CCC3(CC2)OCCc2ccccc23)ncn1,0.99998826,3.2573185810280245
Fc1ccc(CN(c2cc(N3CCC4(CC3)OCCc3ccccc34)ncn2)C2CCCCC2)cc1,0.999834,3.263064493826226
CCOC(=O)c1sc(-c2cc([N+](=O)[O-])ccc2Nc2cc(N3CCC4(CC3)OCCc3ccccc34)ncn2)nc1C,0.9969933,3.5193604789161252
CCOC(=O)c1sc(-c2cc([N+](=O)[O-])ccc2Nc2cc(Nc3ccc([N+](=O)[O-])cc3-c3nc(C)c(C(=O)OCC)s3)ncn2)nc1C,0.9998857,3.200156990130653
CCOC(=O)c1sc(-c2cc([N+](=O)[O-])ccc2Nc2cc(NC(CC(=O)OC)c3ccc(F)cc3)ncn2)nc1C,0.7553517,3.3226321677440076
CCOC(=O)c1sc(-c2cc([N+](=O)[O-])ccc2Nc2cc(Nc3c([N+](=O)[O-])c(=O)oc4ccccc34)ncn2)nc1C,0.9992461,3.06293194009025
CCOC(=O)c1sc(-c2cc([N+](=O)[O-])ccc2Nc2cc(N(CCOC)C(C)C)ncn2)nc1C,0.9976327,2.9002905893555457
CCCCN(c1cc(Nc2ccc([N+](=O)[O-])cc2-c2nc(C)c(C(=O)OCC)s2)ncn1)C(C)CC,0.9996378,3.3536911034595835
CCOC(=O)c1sc(-c2cc([N+](=O)[O-])ccc2Nc2cc(NCCS(C)(=O)=O)ncn2)nc1C,0.804947,2.8245349385768606
CCOC(=O)c1sc(-c2cc([N+](=O)[O-])ccc2Nc2cc(N(C)Cc3c(F)cccc3Cl)ncn2)nc1C,0.9999789,2.8890416272641826
CCCN(Cc1cccc(Br)c1)c1cc(Nc2ccc([N+](=O)[O-])cc2-c2nc(C)c(C(=O)OCC)s2)ncn1,0.99997675,2.890959090690677
CCOC(=O)c1sc(-c2cc([N+](=O)[O-])ccc2Nc2cc(N(Cc3ccc(F)cc3)C3CCCCC3)ncn2)nc1C,0.9996944,2.9216519661658715
COC(=O)CC(Nc1cc(N2CCC3(CC2)OCCc2ccccc23)ncn1)c1ccc(F)cc1,0.93735033,3.6609156797411675
CCOC(=O)c1sc(-c2cc([N+](=O)[O-])ccc2Nc2cc(NC(CC(=O)OC)c3ccc(F)cc3)ncn2)nc1C,0.7553517,3.3226321677440076
COC(=O)CC(Nc1cc(NC(CC(=O)OC)c2ccc(F)cc2)ncn1)c1ccc(F)cc1,0.3984099,3.257152829727164
COC(=O)CC(Nc1cc(Nc2c([N+](=O)[O-])c(=O)oc3ccccc23)ncn1)c1ccc(F)cc1,0.81986,3.195446504338058
COCCN(c1cc(NC(CC(=O)OC)c2ccc(F)cc2)ncn1)C(C)C,0.9771407,3.0434626865879393
CCCCN(c1cc(NC(CC(=O)OC)c2ccc(F)cc2)ncn1)C(C)CC,0.9927749,3.325463581902296
COC(=O)CC(Nc1cc(NCCS(C)(=O)=O)ncn1)c1ccc(F)cc1,0.11748763,2.9559398019881513
COC(=O)CC(Nc1cc(N(C)Cc2c(F)cccc2Cl)ncn1)c1ccc(F)cc1,0.99996364,3.009921893885152
CCCN(Cc1cccc(Br)c1)c1cc(NC(CC(=O)OC)c2ccc(F)cc2)ncn1,0.9985987,3.00725433148943
COC(=O)CC(Nc1cc(N(Cc2ccc(F)cc2)C2CCCCC2)ncn1)c1ccc(F)cc1,0.9877589,3.028707308880051
O=c1oc2ccccc2c(Nc2cc(N3CCC4(CC3)OCCc3ccccc34)ncn2)c1[N+](=O)[O-],0.9995799,3.4121436968661767
CCOC(=O)c1sc(-c2cc([N+](=O)[O-])ccc2Nc2cc(Nc3c([N+](=O)[O-])c(=O)oc4ccccc34)ncn2)nc1C,0.9992461,3.06293194009025
COC(=O)CC(Nc1cc(Nc2c([N+](=O)[O-])c(=O)oc3ccccc23)ncn1)c1ccc(F)cc1,0.81986,3.195446504338058
O=c1oc2ccccc2c(Nc2cc(Nc3c([N+](=O)[O-])c(=O)oc4ccccc34)ncn2)c1[N+](=O)[O-],1.0,2.9521073357076464
COCCN(c1cc(Nc2c([N+](=O)[O-])c(=O)oc3ccccc23)ncn1)C(C)C,0.99994576,2.8328119300682335
CCCCN(c1cc(Nc2c([N+](=O)[O-])c(=O)oc3ccccc23)ncn1)C(C)CC,0.99995464,3.2814957849762303
CS(=O)(=O)CCNc1cc(Nc2c([N+](=O)[O-])c(=O)oc3ccccc23)ncn1,0.9927323,2.7540010357869225
CN(Cc1c(F)cccc1Cl)c1cc(Nc2c([N+](=O)[O-])c(=O)oc3ccccc23)ncn1,0.9999909,2.7865909731651684
CCCN(Cc1cccc(Br)c1)c1cc(Nc2c([N+](=O)[O-])c(=O)oc3ccccc23)ncn1,0.999823,2.7783151861509836
O=c1oc2ccccc2c(Nc2cc(N(Cc3ccc(F)cc3)C3CCCCC3)ncn2)c1[N+](=O)[O-],0.9951727,2.787456961534307
COCCN(c1cc(N2CCC3(CC2)OCCc2ccccc23)ncn1)C(C)C,0.99053365,3.315063047385639
CCOC(=O)c1sc(-c2cc([N+](=O)[O-])ccc2Nc2cc(N(CCOC)C(C)C)ncn2)nc1C,0.9976327,2.9002905893555457
COCCN(c1cc(NC(CC(=O)OC)c2ccc(F)cc2)ncn1)C(C)C,0.9771407,3.0434626865879393
COCCN(c1cc(Nc2c([N+](=O)[O-])c(=O)oc3ccccc23)ncn1)C(C)C,0.99994576,2.8328119300682335
COCCN(c1cc(N(CCOC)C(C)C)ncn1)C(C)C,0.9997899,2.816707203340604
CCCCN(c1cc(N(CCOC)C(C)C)ncn1)C(C)CC,0.9996536,3.2547703164206645
COCCN(c1cc(NCCS(C)(=O)=O)ncn1)C(C)C,0.9732385,2.7099764139544362
COCCN(c1cc(N(C)Cc2c(F)cccc2Cl)ncn1)C(C)C,0.99997866,2.697722139186677
CCCN(Cc1cccc(Br)c1)c1cc(N(CCOC)C(C)C)ncn1,0.99892896,2.669534652793482
COCCN(c1cc(N(Cc2ccc(F)cc2)C2CCCCC2)ncn1)C(C)C,0.9974356,2.6393032903812816
CCCCN(c1cc(N2CCC3(CC2)OCCc2ccccc23)ncn1)C(C)CC,0.9882852,3.76144887484216
CCCCN(c1cc(Nc2ccc([N+](=O)[O-])cc2-c2nc(C)c(C(=O)OCC)s2)ncn1)C(C)CC,0.9996378,3.3536911034595835
CCCCN(c1cc(NC(CC(=O)OC)c2ccc(F)cc2)ncn1)C(C)CC,0.9927749,3.325463581902296
CCCCN(c1cc(Nc2c([N+](=O)[O-])c(=O)oc3ccccc23)ncn1)C(C)CC,0.99995464,3.2814957849762303
CCCCN(c1cc(N(CCOC)C(C)C)ncn1)C(C)CC,0.9996536,3.2547703164206645
CCCCN(c1cc(N(CCCC)C(C)CC)ncn1)C(C)CC,0.9998723,3.5208307650703894
CCCCN(c1cc(NCCS(C)(=O)=O)ncn1)C(C)CC,0.9484293,3.1512579665676537
CCCCN(c1cc(N(C)Cc2c(F)cccc2Cl)ncn1)C(C)CC,0.99999803,3.146197944998404
CCCCN(c1cc(N(CCC)Cc2cccc(Br)c2)ncn1)C(C)CC,0.9999751,3.1204585874132498
CCCCN(c1cc(N(Cc2ccc(F)cc2)C2CCCCC2)ncn1)C(C)CC,0.99856925,3.0947094829062074
CS(=O)(=O)CCNc1cc(N2CCC3(CC2)OCCc2ccccc23)ncn1,0.98118067,3.2249294190008255
CCOC(=O)c1sc(-c2cc([N+](=O)[O-])ccc2Nc2cc(NCCS(C)(=O)=O)ncn2)nc1C,0.804947,2.8245349385768606
COC(=O)CC(Nc1cc(NCCS(C)(=O)=O)ncn1)c1ccc(F)cc1,0.11748763,2.9559398019881513
CS(=O)(=O)CCNc1cc(Nc2c([N+](=O)[O-])c(=O)oc3ccccc23)ncn1,0.9927323,2.7540010357869225
COCCN(c1cc(NCCS(C)(=O)=O)ncn1)C(C)C,0.9732385,2.7099764139544362
CCCCN(c1cc(NCCS(C)(=O)=O)ncn1)C(C)CC,0.9484293,3.1512579665676537
CS(=O)(=O)CCNc1cc(NCCS(C)(=O)=O)ncn1,0.96653396,2.618264513340156
CN(Cc1c(F)cccc1Cl)c1cc(NCCS(C)(=O)=O)ncn1,0.95214653,2.591374062731278
CCCN(Cc1cccc(Br)c1)c1cc(NCCS(C)(=O)=O)ncn1,0.9986843,2.5648248625502674
CS(=O)(=O)CCNc1cc(N(Cc2ccc(F)cc2)C2CCCCC2)ncn1,0.9931239,2.538662544662662
CN(Cc1c(F)cccc1Cl)c1cc(N2CCC3(CC2)OCCc2ccccc23)ncn1,0.99999547,3.266990867905866
CCOC(=O)c1sc(-c2cc([N+](=O)[O-])ccc2Nc2cc(N(C)Cc3c(F)cccc3Cl)ncn2)nc1C,0.9999789,2.8890416272641826
COC(=O)CC(Nc1cc(N(C)Cc2c(F)cccc2Cl)ncn1)c1ccc(F)cc1,0.99996364,3.009921893885152
CN(Cc1c(F)cccc1Cl)c1cc(Nc2c([N+](=O)[O-])c(=O)oc3ccccc23)ncn1,0.9999909,2.7865909731651684
COCCN(c1cc(N(C)Cc2c(F)cccc2Cl)ncn1)C(C)C,0.99997866,2.697722139186677
CCCCN(c1cc(N(C)Cc2c(F)cccc2Cl)ncn1)C(C)CC,0.99999803,3.146197944998404
CN(Cc1c(F)cccc1Cl)c1cc(NCCS(C)(=O)=O)ncn1,0.95214653,2.591374062731278
CN(Cc1c(F)cccc1Cl)c1cc(N(C)Cc2c(F)cccc2Cl)ncn1,1.0,2.6288637576804152
CCCN(Cc1cccc(Br)c1)c1cc(N(C)Cc2c(F)cccc2Cl)ncn1,0.9999998,2.6155457845606236
CN(Cc1c(F)cccc1Cl)c1cc(N(Cc2ccc(F)cc2)C2CCCCC2)ncn1,0.99999,2.6150328126300515
CCCN(Cc1cccc(Br)c1)c1cc(N2CCC3(CC2)OCCc2ccccc23)ncn1,0.99998826,3.2573185810280245
CCCN(Cc1cccc(Br)c1)c1cc(Nc2ccc([N+](=O)[O-])cc2-c2nc(C)c(C(=O)OCC)s2)ncn1,0.99997675,2.890959090690677
CCCN(Cc1cccc(Br)c1)c1cc(NC(CC(=O)OC)c2ccc(F)cc2)ncn1,0.9985987,3.00725433148943
CCCN(Cc1cccc(Br)c1)c1cc(Nc2c([N+](=O)[O-])c(=O)oc3ccccc23)ncn1,0.999823,2.7783151861509836
CCCN(Cc1cccc(Br)c1)c1cc(N(CCOC)C(C)C)ncn1,0.99892896,2.669534652793482
CCCCN(c1cc(N(CCC)Cc2cccc(Br)c2)ncn1)C(C)CC,0.9999751,3.1204585874132498
CCCN(Cc1cccc(Br)c1)c1cc(NCCS(C)(=O)=O)ncn1,0.9986843,2.5648248625502674
CCCN(Cc1cccc(Br)c1)c1cc(N(C)Cc2c(F)cccc2Cl)ncn1,0.9999998,2.6155457845606236
CCCN(Cc1cccc(Br)c1)c1cc(N(CCC)Cc2cccc(Br)c2)ncn1,1.0,2.606541116816903
CCCN(Cc1cccc(Br)c1)c1cc(N(Cc2ccc(F)cc2)C2CCCCC2)ncn1,0.9999824,2.614730949244274
Fc1ccc(CN(c2cc(N3CCC4(CC3)OCCc3ccccc34)ncn2)C2CCCCC2)cc1,0.999834,3.263064493826226
CCOC(=O)c1sc(-c2cc([N+](=O)[O-])ccc2Nc2cc(N(Cc3ccc(F)cc3)C3CCCCC3)ncn2)nc1C,0.9996944,2.9216519661658715
COC(=O)CC(Nc1cc(N(Cc2ccc(F)cc2)C2CCCCC2)ncn1)c1ccc(F)cc1,0.9877589,3.028707308880051
O=c1oc2ccccc2c(Nc2cc(N(Cc3ccc(F)cc3)C3CCCCC3)ncn2)c1[N+](=O)[O-],0.9951727,2.787456961534307
COCCN(c1cc(N(Cc2ccc(F)cc2)C2CCCCC2)ncn1)C(C)C,0.9974356,2.6393032903812816
CCCCN(c1cc(N(Cc2ccc(F)cc2)C2CCCCC2)ncn1)C(C)CC,0.99856925,3.0947094829062074
CS(=O)(=O)CCNc1cc(N(Cc2ccc(F)cc2)C2CCCCC2)ncn1,0.9931239,2.538662544662662
CN(Cc1c(F)cccc1Cl)c1cc(N(Cc2ccc(F)cc2)C2CCCCC2)ncn1,0.99999,2.6150328126300515
CCCN(Cc1cccc(Br)c1)c1cc(N(Cc2ccc(F)cc2)C2CCCCC2)ncn1,0.9999824,2.614730949244274
Fc1ccc(CN(c2cc(N(Cc3ccc(F)cc3)C3CCCCC3)ncn2)C2CCCCC2)cc1,0.9999979,2.6214285052352704
